Nome fantasia,Razão social,CNPJ,CNPJ matriz,Tipo de unidade,CNAE principal descrição,Segmento,Faturamento,Funcionários,Capital social,Porte RF,Natureza jurídica,Natureza jurídica descrição,Filiais,Idade empresa,Data de abertura,Nível de atividade,Tendência de crescimento,País,Estado,Cidade,Bairro,Endereço,CEP,Perfil instagram,Website,Possui telefone,Possui e-mail,UF,Faturamento - Faixas,Funcionários - Faixas,Porte,Relacionamento,Situação,Opção MEI,Opção Simples,Faturamento grupo,CNAE principal,Funcionários grupo,Telefones,Telefone principal,CNAEs secundários,E-mails,Sócios,Grupo CNAE,Grupo CNAE código,Regiões,Faturamento - Faixas Personalizadas,Palavra Mapeada,Possui Instagram?,Tipo Logradouro,Endereço Número,Endereço Complemento
PADARIA E PIZZARIA OLIVEIRA,PADARIA E PIZZARIA OLIVEIRA LTDA,09542020000169,09542020000169,matriz,Fabricação de produtos de padaria e confeitaria com predominância de produção própria,Industria,360000,1,25000,Não Informado,206-2,Sociedade Empresária Limitada,0,14,2008-05-06,Alta,-,BRASIL,São Paulo,OSASCO,VELOSO,ALMIRANTE BARROSO,06152100,-,-,sim,sim,SP,(2) R$81k - R$360k,(1) 1 - 3,Micro,-,ATIVA,Não,Optante pelo Simples,360000,1091-1/02,1,-,+55 (11) 3691-3403,-,margenassessoria@terra.com.br,EDICARLOS OLIVEIRA CARVALHO|AILTON JUAREZ OLIVEIRA DE CARVALHO,Fabricação de outros produtos alimentícios,10.9,Sudeste,(5) R$350k - R$600k,padaria|pizza,Não,RUA,1,-
PADARIA E CONFEITARIA DAS FLORES,PAULO CESAR DOS SANTOS PADARIA,08260645000175,08260645000175,matriz,Fabricação de produtos de padaria e confeitaria com predominância de produção própria,Industria,536548,4,2000,Não Informado,213-5,Empresário (Individual),0,15,2006-07-27,Média,-,BRASIL,São Paulo,OSASCO,JARDIM DAS FLORES,GARDENIA,06110240,-,-,sim,sim,SP,(3) R$360k - R$1M,(2) 4 - 50,Pequena,-,ATIVA,Não,Optante pelo Simples,536548,1091-1/02,4,+55 (11) 3654-1809,+55 (11) 3361-5997,-,padariaeconfeitariadasflores@hotmail.com,-,Fabricação de outros produtos alimentícios,10.9,Sudeste,(5) R$350k - R$600k,padaria,Não,RUA,275,-
PADARIA ESTRELA,C.F DA SILVA,09350985000150,09350985000150,matriz,Fabricação de produtos de padaria e confeitaria com predominância de produção própria,Industria,360000,0,5000,Não Informado,213-5,Empresário (Individual),0,14,2008-01-30,Média,-,BRASIL,São Paulo,MAUA,JARDIM MAUA,IDAIL MARTIN PILLON,09340390,-,-,sim,sim,SP,(2) R$81k - R$360k,(1) 1 - 3,Micro,-,ATIVA,Não,Optante pelo Simples,360000,1091-1/02,0,"+55 (11) 3421-8590,+55 (11) 4541-3147",+55 (11) 4519-5237,-,lopesbandeirantes@uol.com.br,-,Fabricação de outros produtos alimentícios,10.9,Sudeste,(5) R$350k - R$600k,padaria,Não,RUA,183,-
PADARIA FLOR DE MAUA,KAREN CRISTINE OLIVEIRA DA SILVA 42674835826,24518309000136,24518309000136,matriz,Fabricação de produtos de panificação industrial,Industria,-,-,500,Não Informado,213-5,Empresário (Individual),0,6,2016-04-04,-,-,BRASIL,São Paulo,MAUA,JARDIM ITAPARK,GERALDO RANCK,09351540,-,-,sim,sim,SP,-,-,-,-,ATIVA,Sim,Optante pelo Simples,-,1091-1/01,-,-,+55 (11) 4542-3842,-,karemtonipietro@hotmail.com,-,Fabricação de outros produtos alimentícios,10.9,Sudeste,-,padaria,Não,RUA,240,-
PADARIA MAGALHAES,PADARIA E MERCEARIA PAIXAO DIAS LTDA,12266781000140,12266781000140,matriz,Fabricação de produtos de padaria e confeitaria com predominância de produção própria,Industria,360000,3,300000,Não Informado,206-2,Sociedade Empresária Limitada,0,11,2010-07-16,Média,-,BRASIL,São Paulo,GUARULHOS,JARDIM SANTO EXPEDITO,JOSE BRUMATTI,07160170,-,-,sim,sim,SP,(2) R$81k - R$360k,(1) 1 - 3,Micro,-,ATIVA,Não,Não Optante,360000,1091-1/02,3,+55 (11) 2684-4597,+55 (11) 2685-1404,-,assessoriacontabiljvpp@ig.com.br,KENNEDY OLIVEIRA SANTOS,Fabricação de outros produtos alimentícios,10.9,Sudeste,(5) R$350k - R$600k,padaria,Não,AVENIDA,2596,-
-,PADARIA SOUSA MELO LTDA,07348784000192,07348784000192,matriz,Fabricação de produtos de padaria e confeitaria com predominância de produção própria,Industria,360000,4,-,Não Informado,206-2,Sociedade Empresária Limitada,0,17,2005-03-31,Alta,-,BRASIL,São Paulo,DIADEMA,ELDORADO,NOSSA SENHORA DOS NAVEGANTES,09972260,-,-,sim,não,SP,(2) R$81k - R$360k,(2) 4 - 50,Micro,-,ATIVA,Não,Optante pelo Simples,360000,1091-1/02,4,-,+55 (11) 4049-6458,-,-,EDILSON RODRIGUES DE MELO|CICERA RODRIGUES DE SOUSA ARAUJO,Fabricação de outros produtos alimentícios,10.9,Sudeste,(5) R$350k - R$600k,padaria,Não,AVENIDA,1189,-
-,PADARIA E CONFEITARIA ABC LTDA,02796917000170,02796917000170,matriz,Fabricação de produtos de padaria e confeitaria com predominância de produção própria,Industria,720683,4,15000,Demais,206-2,Sociedade Empresária Limitada,0,23,1998-10-16,Alta,Estável,BRASIL,São Paulo,OSASCO,AYROSA,SAO JOSE,06283120,-,-,sim,sim,SP,(3) R$360k - R$1M,(2) 4 - 50,Pequena,-,ATIVA,Não,Optante pelo Simples,720683,1091-1/02,4,"+55 (67) 3383-1760,+55 (19) 3368-1649",+55 (19) 3326-3121,-,escrita@controleoeste.com.br,ANIBAL DOS SANTOS FREIRE|ADENICE APARECIDA BRITO QUEIROZ,Fabricação de outros produtos alimentícios,10.9,Sudeste,(6) R$600k - R$1M,padaria,Não,AVENIDA,38,-
RESTAURANTE SAN DIEGO,CAMAROTO CORTEZ DOCES E SALGADOS LTDA,09524615000191,09524615000191,matriz,Fabricação de produtos de padaria e confeitaria com predominância de produção própria,Industria,360000,1,10000,Não Informado,206-2,Sociedade Empresária Limitada,0,14,2008-04-24,Média,-,BRASIL,São Paulo,OSASCO,ADALGISA,MARIA GRANDIN DOS SANTOS,06030410,-,-,sim,sim,SP,(2) R$81k - R$360k,(1) 1 - 3,Micro,-,ATIVA,Não,Optante pelo Simples,360000,1091-1/02,1,+55 (11) 3769-2199,+55 (11) 3714-1965,-,expediente@contabiljaguare.com.br,ISABEL APARECIDA CAMAROTE CORTEZ|DIEGO CORTEZ,Fabricação de outros produtos alimentícios,10.9,Sudeste,(5) R$350k - R$600k,restaurante,Não,RUA,89,-
PADARIA SANTA CLARA,EDUARDO SILVA LIMA 43032295807,46048657000120,46048657000120,matriz,Fabricação de produtos de panificação industrial,Industria,-,-,1000,Não Informado,213-5,Empresário (Individual),0,0,2022-04-16,-,-,BRASIL,São Paulo,EMBU DAS ARTES,JARDIM SANTA CLARA,LAMBARI,06843080,-,-,não,não,SP,-,-,-,-,ATIVA,Sim,Optante pelo Simples,-,1091-1/01,-,-,-,-,-,-,Fabricação de outros produtos alimentícios,10.9,Sudeste,-,padaria,Não,RUA,-,CONJ
MERCEARIA E PADARIA DEBORAH LTDA,MERCEARIA E PADARIA DEBORAH LTDA,24352961000123,24352961000123,matriz,Fabricação de produtos de padaria e confeitaria com predominância de produção própria,Industria,360000,-,80000,Não Informado,206-2,Sociedade Empresária Limitada,0,10,2011-10-21,Baixa,-,BRASIL,São Paulo,EMBU DAS ARTES,JARDIM ANGELA,FLAMENGO,06824280,-,-,sim,sim,SP,(2) R$81k - R$360k,-,Micro,-,ATIVA,Não,Optante pelo Simples,360000,1091-1/02,-,"+55 (11) 4203-3515,+55 (11) 8108-4874",+55 (11) 2812-7870,-,deboraharaujoferreiraoi@gmail.com,AIRTON SANTOS FERREIRA|DEBORAH TATHIANE ARAUJO LEITE,Fabricação de outros produtos alimentícios,10.9,Sudeste,(5) R$350k - R$600k,padaria,Não,RUA,320,-
PADARIA DONA ANTONIA,NICOLAS CARDOSO ALVES MANOEL,27413212000157,27413212000157,matriz,Fabricação de produtos de padaria e confeitaria com predominância de produção própria,Industria,360000,0,35000,Não Informado,213-5,Empresário (Individual),0,5,2017-03-29,Média,-,BRASIL,São Paulo,GUARULHOS,VILA DAS PALMEIRAS,DONA ANTONIA,07021000,-,-,sim,sim,SP,(2) R$81k - R$360k,(1) 1 - 3,Micro,-,ATIVA,Não,Optante pelo Simples,360000,1091-1/02,0,-,+55 (11) 2468-2650,-,"renascersp@superig.com.,br",-,Fabricação de outros produtos alimentícios,10.9,Sudeste,(5) R$350k - R$600k,padaria,Não,RUA,928,-
VIAREGGIO,VIAREGGIO PADARIA LTDA,44537725000199,44537725000199,matriz,Fabricação de produtos de padaria e confeitaria com predominância de produção própria,Industria,-,-,10000,Não Informado,206-2,Sociedade Empresária Limitada,0,0,2021-12-09,-,-,BRASIL,São Paulo,GUARULHOS,JARDIM SAO PAULO,SAO DOMINGOS,07110080,-,-,não,não,SP,-,-,-,-,ATIVA,Não,Optante pelo Simples,-,1091-1/02,-,-,-,-,-,-,Fabricação de outros produtos alimentícios,10.9,Sudeste,-,padaria,Não,RUA,248,-
-,PADARIA EU SOU... LTDA,08844848000109,08844848000109,matriz,Fabricação de produtos de padaria e confeitaria com predominância de produção própria,Industria,360000,0,5000,Não Informado,206-2,Sociedade Empresária Limitada,0,15,2007-05-07,Alta,-,BRASIL,São Paulo,GUARULHOS,VILA GALVAO,TREZE DE MAIO,07071050,-,-,sim,sim,SP,(2) R$81k - R$360k,(1) 1 - 3,Micro,-,ATIVA,Não,Não Optante,360000,1091-1/02,0,-,+55 (11) 6952-2360,-,contabilidade.elshaday@hotmail.com,ANGELA NOGUEIRA MARTINS DA SILVA|TEREZINHA NOGUEIRA MARTINS,Fabricação de outros produtos alimentícios,10.9,Sudeste,(5) R$350k - R$600k,padaria,Não,RUA,556,-
LANCHES DO PAPAE,EVERALDO LUIS DE CARVALHO 25954508836,45475387000170,45475387000170,matriz,Fabricação de produtos de panificação industrial,Industria,-,-,3000,Não Informado,213-5,Empresário (Individual),0,0,2022-02-28,-,-,BRASIL,São Paulo,OSASCO,JARDIM ROBERTO,SANJI FUKUSHIMA,06170410,-,-,não,não,SP,-,-,-,-,ATIVA,Sim,Optante pelo Simples,-,1091-1/01,-,-,-,-,-,-,Fabricação de outros produtos alimentícios,10.9,Sudeste,-,lanch,Não,RUA,-,-
PADARIA E RESTAURANTE SERRARIA,PADARIA E RESTAURANTE SERRARIA LTDA.,03152968000121,03152968000121,matriz,Fabricação de produtos de padaria e confeitaria com predominância de produção própria,Industria,360000,1,2000,Não Informado,206-2,Sociedade Empresária Limitada,0,23,1999-04-12,Alta,-,BRASIL,São Paulo,DIADEMA,SERRARIA,JOSE BONIFACIO,09980150,-,-,sim,sim,SP,(2) R$81k - R$360k,(1) 1 - 3,Micro,-,ATIVA,Não,Não Optante,360000,1091-1/02,1,+55 (11) 4343-5355,+55 (11) 3802-1900,-,"contabelavista@uol.com.br,leaodonorte1000@outlook.com.br",JOAO DAVID DE SOUZA,Fabricação de outros produtos alimentícios,10.9,Sudeste,(5) R$350k - R$600k,padaria|restaurante,Não,RUA,980,ANDAR 1
RAINHA DO BEL,PADARIA RAINHA DO BEL LTDA,11387330000106,11387330000106,matriz,Fabricação de produtos de padaria e confeitaria com predominância de produção própria,Industria,720000,6,50000,Empresa de Pequeno Porte,206-2,Sociedade Empresária Limitada,0,12,2009-11-19,Média,-,BRASIL,São Paulo,OSASCO,JARDIM ELVIRA,ROQUE JOSE MENDES SOBRINHO,06243200,-,-,sim,sim,SP,(3) R$360k - R$1M,(2) 4 - 50,Pequena,-,ATIVA,Não,Optante pelo Simples,720000,1091-1/02,6,-,+55 (11) 3603-2361,-,hr_contabil@hotmail.com,GRACE KELLY MOURA RUIZ SANCHES SILVA|JOILSON CAVALCANTE DA SILVA,Fabricação de outros produtos alimentícios,10.9,Sudeste,(6) R$600k - R$1M,padaria,Não,RUA,128,-
-,PADARIA E CONFEITARIA JRB LTDA,12134695000183,12134695000183,matriz,Fabricação de produtos de padaria e confeitaria com predominância de produção própria,Industria,360000,7,7000,Não Informado,206-2,Sociedade Empresária Limitada,0,11,2010-06-07,Média,-,BRASIL,São Paulo,GUARULHOS,JARDIM SANTA BEATRIZ,AUAD ABRAHAO,07121230,-,-,sim,sim,SP,(2) R$81k - R$360k,(2) 4 - 50,Micro,-,ATIVA,Não,Optante pelo Simples,360000,1091-1/02,7,-,+55 (11) 2421-0500,-,"capital@capitalcontabil.com.br,jrb.padaria@gmail.com",JOSE RAFAEL BARBOSA|GENILSON AMARO BARBOSA,Fabricação de outros produtos alimentícios,10.9,Sudeste,(5) R$350k - R$600k,padaria,Não,RUA,159,-
PADARIA VILA ESPERANCA,MICHEL SANTANA DAS NEVES 44961794821,46262940000150,46262940000150,matriz,Fabricação de produtos de padaria e confeitaria com predominância de produção própria,Industria,-,-,20000,Não Informado,213-5,Empresário (Individual),0,0,2022-05-04,-,-,BRASIL,São Paulo,EMBU DAS ARTES,VILA ISIS CRISTINA,ZUMBI DOS PALMARES,06815630,-,-,não,não,SP,-,-,-,-,ATIVA,Sim,Optante pelo Simples,-,1091-1/02,-,-,-,-,-,-,Fabricação de outros produtos alimentícios,10.9,Sudeste,-,padaria,Não,RUA,-,-
-,PADARIA E CONFEITARIA PADRAO LTDA,44317063000141,44317063000141,matriz,Fabricação de produtos de padaria e confeitaria com predominância de produção própria,Industria,360000,4,-,Não Informado,206-2,Sociedade Empresária Limitada,0,49,1973-01-05,Alta,-,BRASIL,São Paulo,OSASCO,BONFIM,FUAD AUADA,06216000,-,-,sim,sim,SP,(2) R$81k - R$360k,(2) 4 - 50,Micro,-,ATIVA,Não,Optante pelo Simples,360000,1091-1/02,4,+55 (11) 3714-1965,+55 (11) 3769-2199,-,expediente@contabiljaguare.com.br,EDVALDO LUIZ SCHEZARO|ANTONIO MARCOS DA SILVA,Fabricação de outros produtos alimentícios,10.9,Sudeste,(5) R$350k - R$600k,padaria,Não,AVENIDA,216,-
PADARIA TORRE DE BELEM,PADARIA TORRE DE BELEM LTDA,37733989000152,37733989000152,matriz,Fabricação de produtos de padaria e confeitaria com predominância de produção própria,Industria,360000,0,10000,Não Informado,206-2,Sociedade Empresária Limitada,0,1,2020-07-15,Alta,-,BRASIL,São Paulo,BARUERI,JARDIM MUTINGA,DIRETRIZ,06463180,-,-,sim,sim,SP,(2) R$81k - R$360k,(1) 1 - 3,Micro,-,ATIVA,Não,Optante pelo Simples,360000,1091-1/02,0,-,+55 (11) 4198-1377,-,queiroz.alp@terra.com.br,ISAIAS DA SILVA JUNIOR|JOSE DE ARAUJO CANDIDO,Fabricação de outros produtos alimentícios,10.9,Sudeste,(5) R$350k - R$600k,padaria,Não,AVENIDA,30,ANDAR TERREO
MX BAKEHOUSE PADARIA ARTESANAL,MX BAKEHOUSE PADARIA ARTESANAL LTDA,45378327000130,45378327000130,matriz,Fabricação de produtos de panificação industrial,Industria,-,-,60000,Não Informado,206-2,Sociedade Empresária Limitada,0,0,2022-02-21,-,-,BRASIL,São Paulo,OSASCO,UMUARAMA,DOUTOR MARTIN LUTHER KING,06030000,-,-,não,não,SP,-,-,-,-,ATIVA,Não,Optante pelo Simples,-,1091-1/01,-,-,-,-,-,-,Fabricação de outros produtos alimentícios,10.9,Sudeste,-,padaria,Não,AVENIDA,-,ANEXO SALAO B
-,PADARIA E CONFEITARIA NOVA GLORIA EIRELI,53506291000150,53506291000150,matriz,Fabricação de produtos de padaria e confeitaria com predominância de produção própria,Industria,1440000,26,70000,Empresa de Pequeno Porte,230-5,Empresa Individual de Responsabilidade Limitada (de Natureza Empresária),0,37,1984-05-23,Alta,-,BRASIL,São Paulo,COTIA,JARDIM DA GLORIA,JOAO PAULO ABLAS,06711250,-,-,sim,sim,SP,(4) R$1M - R$4.8M,(2) 4 - 50,Pequena,-,ATIVA,Não,Optante pelo Simples,1440000,1091-1/02,26,"+55 (11) 4617-4665,+55 (11) 4702-7396",+55 (11) 4702-5171,-,marcelo@contabilidadesemac.com.br,LUIZ EDUARDO CASSOLA DA VEIGA,Fabricação de outros produtos alimentícios,10.9,Sudeste,"(8) +1,2M",padaria,Não,AVENIDA,38,SALAO 1             TERREO
BAR E MERCEARIA SILVA,JOSE MIGUEL DA SILVA PADARIA,07519892000180,07519892000180,matriz,Fabricação de produtos de padaria e confeitaria com predominância de produção própria,Industria,360000,0,-,Não Informado,213-5,Empresário (Individual),0,16,2005-07-27,Média,-,BRASIL,São Paulo,GUARULHOS,JARDIM SANTA INES,NHAMBU,07141150,-,-,não,não,SP,(2) R$81k - R$360k,(1) 1 - 3,Micro,-,ATIVA,Não,Optante pelo Simples,360000,1091-1/02,0,-,-,-,-,-,Fabricação de outros produtos alimentícios,10.9,Sudeste,(5) R$350k - R$600k,bar|padaria,Não,RUA,15,B CASA 1
PAO DA GRANJA,FORNO & PAO CONVENIENCIA EIRELI,15002977000115,15002977000115,matriz,Fabricação de produtos de padaria e confeitaria com predominância de produção própria,Industria,1440000,3,100000,Empresa de Pequeno Porte,230-5,Empresa Individual de Responsabilidade Limitada (de Natureza Empresária),0,10,2012-01-27,Alta,-,BRASIL,São Paulo,COTIA,JARDIM SAO VICENTE,DO CAPUAVA,06713630,-,-,sim,sim,SP,(4) R$1M - R$4.8M,(1) 1 - 3,Pequena,-,ATIVA,Não,Não Optante,1440000,1091-1/02,3,"+55 (11) 3714-1965,+55 (11) 3768-2199",+55 (11) 3769-2199,-,expediente@contabiljaguare.com.br,ARTUR PARRAGUIR,Fabricação de outros produtos alimentícios,10.9,Sudeste,"(8) +1,2M",conveni,Não,ESTRADA,1700,-
-,PADARIA E CONFEITARIA CAROLINA LTDA,03919475000174,03919475000174,matriz,Fabricação de produtos de padaria e confeitaria com predominância de produção própria,Industria,360000,5,5000,Não Informado,206-2,Sociedade Empresária Limitada,0,21,2000-06-30,Alta,-,BRASIL,São Paulo,OSASCO,SANTO ANTONIO,ANTONIO BENEDITO DO AMARAL,06130100,-,-,não,não,SP,(2) R$81k - R$360k,(2) 4 - 50,Micro,-,ATIVA,Não,Optante pelo Simples,360000,1091-1/02,5,-,-,Comércio varejista de produtos alimentícios em geral ou especializado em produtos alimentícios não especificados anteriormente,-,MARCO ANTONIO TAMARO|LEANDRO FERREIRA TAMARO,Fabricação de outros produtos alimentícios,10.9,Sudeste,(5) R$350k - R$600k,padaria,Não,RUA,292,-
PADARIA III IRMAOS,ULISSES PADARIA III IRMAOS LTDA,40798127000112,40798127000112,matriz,Fabricação de produtos de padaria e confeitaria com predominância de produção própria,Industria,103110,-,30000,Não Informado,206-2,Sociedade Empresária Limitada,0,1,2021-02-10,Baixa,-,BRASIL,São Paulo,COTIA,PARQUE ALEXANDRE,JOAO PERONE,06714210,-,-,sim,sim,SP,(2) R$81k - R$360k,-,Micro,-,ATIVA,Não,Optante pelo Simples,103110,1091-1/02,-,-,+55 (11) 4616-9519,-,societario@andradecontabilidade.com.br,ELIELSON ULISSES DE ASSIS,Fabricação de outros produtos alimentícios,10.9,Sudeste,(3) R$81k - R$150k,padaria,Não,RUA,295,ANDAR 2
PADARIA BOM JESUS,PANIFICADORA BOM JESUS EIRELI,28971872000116,28971872000116,matriz,Fabricação de produtos de padaria e confeitaria com predominância de produção própria,Industria,-,-,93700,Não Informado,230-5,Empresa Individual de Responsabilidade Limitada (de Natureza Empresária),0,4,2017-10-31,-,-,BRASIL,São Paulo,GUARULHOS,JARDIM SAO JOAO,DO SABOO,07152000,-,-,sim,sim,SP,-,-,-,-,ATIVA,Não,Optante pelo Simples,-,1091-1/02,-,-,+55 (11) 8103-5667,-,contabilidade@sevencontabil.com,JOAO BATISTA SARAIVA,Fabricação de outros produtos alimentícios,10.9,Sudeste,-,padaria,Não,ESTRADA,96,-
EDY PAN FABRICA DE PAES,EDILSON SANTOS SOUZA PADARIA,05162702000195,05162702000195,matriz,Fabricação de produtos de panificação industrial,Industria,360000,41,-,Empresa de Pequeno Porte,213-5,Empresário (Individual),0,19,2002-06-27,Alta,-,BRASIL,São Paulo,GUARULHOS,JARDIM CITY,CECILIA MADY ELIAS,07082550,-,-,sim,sim,SP,(2) R$81k - R$360k,(2) 4 - 50,Micro,-,ATIVA,Não,Não Optante,360000,1091-1/01,41,-,+55 (11) 2458-1671,-,edy-pan@uol.com.br,-,Fabricação de outros produtos alimentícios,10.9,Sudeste,(5) R$350k - R$600k,padaria,Não,RUA,46,ANTIGO 10 CASA 1
PADARIA DO TECO,ELAINE CRISTINA LINDOSO REZENDE PAES,22234823000114,22234823000114,matriz,Fabricação de produtos de padaria e confeitaria com predominância de produção própria,Industria,-,-,10000,Não Informado,213-5,Empresário (Individual),0,7,2015-04-13,-,-,BRASIL,São Paulo,MAUA,JARDIM ZAIRA,JESUINO NICOMEDIO DOS SANTOS,09321400,-,-,sim,sim,SP,-,-,-,-,ATIVA,Não,Optante pelo Simples,-,1091-1/02,-,+55 (11) 5965-8899,+55 (11) 4511-3462,-,contabilassecon@uol.com.br,-,Fabricação de outros produtos alimentícios,10.9,Sudeste,-,padaria,Não,AVENIDA,15,-
-,JUNIO BARBOSA DA ROCHA-PANIFICADORA,12034296000140,12034296000140,matriz,Fabricação de produtos de padaria e confeitaria com predominância de produção própria,Industria,360000,4,16000,Não Informado,213-5,Empresário (Individual),0,11,2010-05-28,Alta,-,BRASIL,São Paulo,GUARULHOS,RECREIO SAO JORGE,BUTIA,07144540,-,-,sim,sim,SP,(2) R$81k - R$360k,(2) 4 - 50,Micro,-,ATIVA,Não,Optante pelo Simples,360000,1091-1/02,4,+55 (11) 4963-3017,+55 (11) 4963-1624,-,controllcontcontabilidade@gmail.com,-,Fabricação de outros produtos alimentícios,10.9,Sudeste,(5) R$350k - R$600k,bar,Não,RUA,382,-
BINHA DOCES ARTESANAIS,ALESSANDRO MAGNO BARBOSA COSTA 36962097832,45346843000182,45346843000182,matriz,Fabricação de produtos de padaria e confeitaria com predominância de produção própria,Industria,-,-,1000,Não Informado,213-5,Empresário (Individual),0,0,2022-02-17,-,-,BRASIL,São Paulo,OSASCO,JARDIM D'ABRIL,OSVALDO DU PAIN,06040180,-,-,não,não,SP,-,-,-,-,ATIVA,Sim,Optante pelo Simples,-,1091-1/02,-,-,-,-,-,-,Fabricação de outros produtos alimentícios,10.9,Sudeste,-,bar,Não,RUA,-,SLJ SALA 9
EMPORIO BELAS ARTES,"PRIMU'S ARAUJO EMPORIO, PANIFICADORA E RESTAURANTE LTDA",11070305000196,11070305000196,matriz,Fabricação de produtos de padaria e confeitaria com predominância de produção própria,Industria,29920441,76,200000,Empresa de Pequeno Porte,206-2,Sociedade Empresária Limitada,0,12,2009-07-22,Média,Em crescimento,BRASIL,São Paulo,EMBU DAS ARTES,PARQUE FRANCISCO RIZZO,VINTE E QUATRO DE AGOSTO,06803273,-,-,sim,sim,SP,(6) R$10M - R$30M,(3) 51 - 200,Grande,-,ATIVA,Não,Optante pelo Simples,29920441,1091-1/02,76,"+55 (11) 4785-1111,+55 (11) 3229-7201,+55 (11) 4704-3396",+55 (11) 4704-2197,-,emporio.belasartes@hotmail.com,TAIS ARAUJO CORDEIRO|MICHELE BATISTA DE SOUZA ALMEIDA,Fabricação de outros produtos alimentícios,10.9,Sudeste,"(8) +1,2M",restaurante,Não,RUA,1150,-
PADARIA III IRMAOS,ELTON ULISSES DE ASSIS LTDA,39468845000141,39468845000141,matriz,Fabricação de produtos de padaria e confeitaria com predominância de produção própria,Industria,97862,0,50000,Não Informado,206-2,Sociedade Empresária Limitada,0,1,2020-10-19,Média,-,BRASIL,São Paulo,COTIA,JARDIM MONTE VERDE (CAUCAIA DO ALTO),BUTIA,06729205,-,-,sim,sim,SP,(2) R$81k - R$360k,(1) 1 - 3,Micro,-,ATIVA,Não,Optante pelo Simples,97862,1091-1/02,0,-,+55 (11)9140-1704,-,elton.mitowz@gmail.com,ELTON ULISSES DE ASSIS,Fabricação de outros produtos alimentícios,10.9,Sudeste,(3) R$81k - R$150k,padaria,Não,RUA,30,-
-,HAMILTON SANT'ANA PADARIA,04650208000107,04650208000107,matriz,Fabricação de produtos de panificação industrial,Industria,81068,22,-,Não Informado,213-5,Empresário (Individual),0,20,2001-08-01,Média,-,BRASIL,São Paulo,MAUA,JARDIM ITAPEVA,MIGUEL AGNELLO,09330080,-,-,sim,sim,SP,(2) R$81k - R$360k,(2) 4 - 50,Micro,-,ATIVA,Não,Não Optante,81068,1091-1/01,22,"+55 (11) 4511-3270,+55 (11) 4578-7611,+55 (11) 4511-8383",-,-,contabilray@bol.com.br,-,Fabricação de outros produtos alimentícios,10.9,Sudeste,(3) R$81k - R$150k,padaria,Não,RUA,388,-
RAINHA DO SABOR,RAINHA DO SABOR PADARIA E CONFEITARIA LTDA,37800831000158,37800831000158,matriz,Fabricação de produtos de padaria e confeitaria com predominância de produção própria,Industria,360000,0,150000,Não Informado,206-2,Sociedade Empresária Limitada,0,1,2020-07-21,Alta,-,BRASIL,São Paulo,GUARULHOS,VILA FLORIDA,RAIMUNDO ALMEIDA DE ARAUJO,07122000,-,-,sim,sim,SP,(2) R$81k - R$360k,(1) 1 - 3,Micro,-,ATIVA,Não,Optante pelo Simples,360000,1091-1/02,0,-,+55 (11) 5254-2352,-,renisouzab@gmail.com,MARIA APARECIDA DE LIRA|RENI SOUZA BARBOSA,Fabricação de outros produtos alimentícios,10.9,Sudeste,(5) R$350k - R$600k,padaria,Não,RUA,849,TERREOSALAO COMERCIAL
-,MERCEARIA & PADARIA CHAVES LTDA,17659766000185,17659766000185,matriz,Fabricação de produtos de padaria e confeitaria com predominância de produção própria,Industria,360000,10,10000,Não Informado,206-2,Sociedade Empresária Limitada,0,9,2013-01-29,Alta,-,BRASIL,São Paulo,GUARULHOS,JARDIM SILVIA,IMONCLAR E LAZARI,07141320,-,-,sim,sim,SP,(2) R$81k - R$360k,(2) 4 - 50,Micro,-,ATIVA,Não,Optante pelo Simples,360000,1091-1/02,10,-,+55 (11) 3435-7093,-,legalizacao@solucaoc.com.br,JOSE ANTONIO CHAVES|MATIAS DA SILVA CHAVES,Fabricação de outros produtos alimentícios,10.9,Sudeste,(5) R$350k - R$600k,padaria,Não,RUA,285,ANTIGO 90
PAES E DOCES DONNA ROSA,K M SILVA PADARIA E RESTAURANTE,43662839000106,43662839000106,matriz,Fabricação de produtos de padaria e confeitaria com predominância de produção própria,Industria,-,-,80000,Não Informado,213-5,Empresário (Individual),0,0,2021-09-27,-,-,BRASIL,São Paulo,SANTA ISABEL,CENTRO,CORONEL BERTOLDO,07500000,-,-,não,não,SP,-,-,-,-,ATIVA,Não,Optante pelo Simples,-,1091-1/02,-,-,-,-,-,-,Fabricação de outros produtos alimentícios,10.9,Sudeste,-,padaria|restaurante,Não,AVENIDA,995,-
CAFOFO DA MARLUCE,MURILO DOS SANTOS BARBOSA 05173038500,45841676000146,45841676000146,matriz,Fabricação de produtos de padaria e confeitaria com predominância de produção própria,Industria,-,-,1000,Não Informado,213-5,Empresário (Individual),0,0,2022-03-30,-,-,BRASIL,São Paulo,GUARULHOS,VILA NOVA BONSUCESSO,REMANSO,07176160,-,-,não,não,SP,-,-,-,-,ATIVA,Sim,Optante pelo Simples,-,1091-1/02,-,-,-,-,-,-,Fabricação de outros produtos alimentícios,10.9,Sudeste,-,bar,Não,RUA,-,-
BARAO ALIMENTOS,INDUSTRIA E COMERCIO DE PAES BARAO DE MAUA LTDA,32292457000103,32292457000103,matriz,Fabricação de produtos de panificação industrial,Industria,720000,0,15000,Empresa de Pequeno Porte,206-2,Sociedade Empresária Limitada,0,3,2018-12-20,Alta,-,BRASIL,São Paulo,MAUA,JARDIM BOGUS,ANTONIO BONFANTTE,09320220,-,-,sim,sim,SP,(3) R$360k - R$1M,(1) 1 - 3,Pequena,-,ATIVA,-,-,720000,1091-1/01,0,-,+55 (11) 4576-5562,-,contato@ecoliveira.com.br,OSWALDO ZANARDO|FABRIZIO ZANARDO|LEONARDO ZANARDO|GRAZIELA ZANARDO LOPES,Fabricação de outros produtos alimentícios,10.9,Sudeste,(6) R$600k - R$1M,bar,Não,RUA,14,-
FJ - BEM PAES E DOCES,EDNEIA FERREIRA DOS SANTOS PADARIA,29346297000123,29346297000123,matriz,Fabricação de produtos de padaria e confeitaria com predominância de produção própria,Industria,566313,4,10000,Não Informado,213-5,Empresário (Individual),0,4,2018-01-03,Média,-,BRASIL,São Paulo,OSASCO,CONCEICAO,MATIAS DE ALBUQUERQUE,06145045,-,-,sim,sim,SP,(3) R$360k - R$1M,(2) 4 - 50,Pequena,-,ATIVA,Não,Optante pelo Simples,566313,1091-1/02,4,-,+55 (11) 3592-2509,-,bemcosmeticos@hotmail.com,-,Fabricação de outros produtos alimentícios,10.9,Sudeste,(5) R$350k - R$600k,padaria,Não,RUA,56,-
PADARIA E CONFEITARIA ANDRADE,PRISCILA ANTUNES NASCIMENTO DE ANDRADE 33022606877,45889010000168,45889010000168,matriz,Fabricação de produtos de panificação industrial,Industria,-,-,1,Não Informado,213-5,Empresário (Individual),0,0,2022-04-03,-,-,BRASIL,São Paulo,OSASCO,CONCEICAO,MIGUEL ARRAES,06145042,-,-,não,não,SP,-,-,-,-,ATIVA,Sim,Optante pelo Simples,-,1091-1/01,-,-,-,-,-,-,Fabricação de outros produtos alimentícios,10.9,Sudeste,-,padaria,Não,RUA,-,-
MINI PADARIA SIBELE,MINI PADARIA SIBELE LTDA.,15361027000187,15361027000187,matriz,Fabricação de produtos de padaria e confeitaria com predominância de produção própria,Industria,360000,2,100000,Não Informado,206-2,Sociedade Empresária Limitada,0,10,2012-03-30,Média,-,BRASIL,São Paulo,OSASCO,JARDIM ROBERTO,MARIA DOS ANJOS DA CONCEICAO,06170100,-,-,sim,sim,SP,(2) R$81k - R$360k,(1) 1 - 3,Micro,-,ATIVA,Não,Não Optante,360000,1091-1/02,2,-,+55 (11) 3691-3403,-,margenassessoria@terra.com.br,DAVID FERREIRA DE ARAUJO|EVANDRO XAVIER RIBEIRO,Fabricação de outros produtos alimentícios,10.9,Sudeste,(5) R$350k - R$600k,padaria,Não,AVENIDA,177,-
-,VIAREGGIO PADARIA LTDA.,04525794000168,04525794000168,matriz,Fabricação de produtos de padaria e confeitaria com predominância de produção própria,Industria,360000,11,100000,Não Informado,206-2,Sociedade Empresária Limitada,0,20,2001-06-22,Alta,-,BRASIL,São Paulo,GUARULHOS,CENTRO,CAPITAO GABRIEL,07011010,-,-,sim,sim,SP,(2) R$81k - R$360k,(2) 4 - 50,Micro,-,ATIVA,Não,Não Optante,360000,1091-1/02,11,+55 (11) 6409-9377,+55 (11) 6461-4475,-,juridico.yara@terra.com.br,MARIA DE JESUS ALVES,Fabricação de outros produtos alimentícios,10.9,Sudeste,(5) R$350k - R$600k,padaria,Não,RUA,345,-
PADARIA NOVA UNIAO,NOBRE & BRANDAO PANIFICACAO LTDA,12778701000135,12778701000135,matriz,Fabricação de produtos de padaria e confeitaria com predominância de produção própria,Industria,360000,2,10000,Não Informado,206-2,Sociedade Empresária Limitada,0,11,2010-10-15,Média,-,BRASIL,São Paulo,GUARULHOS,CONJUNTO MARCOS FREIRE,MARGINAL SUL,07263740,-,-,sim,sim,SP,(2) R$81k - R$360k,(1) 1 - 3,Micro,-,ATIVA,Não,Optante pelo Simples,360000,1091-1/02,2,"+55 (11) 2402-4779,+55 (11) 2480-4598",+55 (11) 2484-5376,-,contabilidade@sevencontabil.com,WILLIAN ENEAS BRANDAO,Fabricação de outros produtos alimentícios,10.9,Sudeste,(5) R$350k - R$600k,padaria,Não,AVENIDA,25,SALA  2
ELNYTHUR CONVENIENCIA,RAFAEL AUGUSTO OLIVEIRA LEMOS 40712220852,45931517000132,45931517000132,matriz,Fabricação de produtos de padaria e confeitaria com predominância de produção própria,Industria,-,-,1000,Não Informado,213-5,Empresário (Individual),0,0,2022-04-06,-,-,BRASIL,São Paulo,BARUERI,JARDIM DOS CAMARGOS,AGATA,06410210,-,-,não,não,SP,-,-,-,-,ATIVA,Sim,Optante pelo Simples,-,1091-1/02,-,-,-,-,-,-,Fabricação de outros produtos alimentícios,10.9,Sudeste,-,conveni,Não,RUA,-,-
LANCHONETE MM,MARCONE RODRIGUES FALCAO,08062946000194,08062946000194,matriz,Fabricação de produtos de panificação industrial,Industria,360000,7,5000,Não Informado,213-5,Empresário (Individual),0,15,2006-06-05,Média,-,BRASIL,São Paulo,BARUERI,JARDIM SILVEIRA,BRIGADEIRO MANOEL RODRIGUES JORDAO,06433010,-,-,sim,sim,SP,(2) R$81k - R$360k,(2) 4 - 50,Micro,-,ATIVA,Não,Optante pelo Simples,360000,1091-1/01,7,+55 (11) 4247-3097,+55 (11) 7445-1213,-,"marconelanches@hotmail.com,jnacontabil.rh@gmail.com",-,Fabricação de outros produtos alimentícios,10.9,Sudeste,(5) R$350k - R$600k,lanch,Não,AVENIDA,1433,-
BAR E MERCEARIA JN,MERCEARIA JOSE & NADIR PAES E FRIOS LTDA,02001142000107,02001142000107,matriz,Fabricação de produtos de padaria e confeitaria com predominância de produção própria,Industria,360000,5,30000,Não Informado,206-2,Sociedade Empresária Limitada,0,24,1997-07-16,Alta,-,BRASIL,São Paulo,MAUA,JARDIM HAYDEE,LUIS BENASSO,09370320,-,-,sim,sim,SP,(2) R$81k - R$360k,(2) 4 - 50,Micro,-,ATIVA,Não,Optante pelo Simples,360000,1091-1/02,5,+55 (11) 4543-1545,+55 (11) 4543-1525,-,etpa.mg@terra.com.br,JOAO PAULO OZILIO,Fabricação de outros produtos alimentícios,10.9,Sudeste,(5) R$350k - R$600k,bar,Não,RUA,319,-
PADELLA MOLHOS,THAYS FERNANDA BARBOSA DE MIRANDA 45105658876,45378033000108,45378033000108,matriz,Fabricação de alimentos e pratos prontos,Industria,-,-,1500,Não Informado,213-5,Empresário (Individual),0,0,2022-02-21,-,-,BRASIL,São Paulo,OSASCO,JARDIM DAS FLORES,EMILIA PENAFIEL,06120140,-,-,não,não,SP,-,-,-,-,ATIVA,Sim,Optante pelo Simples,-,1096-1/00,-,-,-,-,-,-,Fabricação de outros produtos alimentícios,10.9,Sudeste,-,bar,Não,RUA,-,-
ACAI DO POSTO,LYKKE COMERCIAL EIRELI,22257571000149,22257571000149,matriz,Fabricação de produtos de padaria e confeitaria com predominância de produção própria,Industria,360000,2,78800,Não Informado,230-5,Empresa Individual de Responsabilidade Limitada (de Natureza Empresária),0,7,2015-04-15,Média,-,BRASIL,São Paulo,OSASCO,SANTO ANTONIO,INTERNACIONAL,06126010,-,-,sim,sim,SP,(2) R$81k - R$360k,(1) 1 - 3,Micro,-,ATIVA,Não,Optante pelo Simples,360000,1091-1/02,2,+55 (11) 9253-1190,+55 (11) 5661-4631,-,"guimaraes_pedro@hotmail.com,andersonaventura-msn@hotmail.com",ANDERSON APARECIDO RODRIGUES DE SOUZA VENTURA,Fabricação de outros produtos alimentícios,10.9,Sudeste,(5) R$350k - R$600k,posto,Não,AVENIDA,15,LOJA  2
PADARIA TESOURO,PADARIA TESOURO LTDA,10958936000183,10958936000183,matriz,Fabricação de produtos de padaria e confeitaria com predominância de produção própria,Industria,360000,0,15000,Não Informado,206-2,Sociedade Empresária Limitada,0,12,2009-06-24,Média,-,BRASIL,São Paulo,SANTANA DE PARNAIBA,CHACARA DO SOLAR III,ESPACIAL,06528088,-,-,sim,sim,SP,(2) R$81k - R$360k,(1) 1 - 3,Micro,-,ATIVA,Não,Optante pelo Simples,360000,1091-1/02,0,"+55 (11) 4156-4881,+55 (11) 9750-4368",+55 (11) 4448-4109,-,contabil.lm@hotmail.com,SANDRA MARA DE OLIVEIRA ROCHA|DONIZETE MONTEIRO DA ROCHA,Fabricação de outros produtos alimentícios,10.9,Sudeste,(5) R$350k - R$600k,padaria,Não,RUA,383,SALA  1
PADARIA GABI,GABI CONGELADOS SOCIEDADE UNIPESSOAL LTDA.,08072064000100,08072064000100,matriz,Fabricação de produtos de panificação industrial,Industria,2880000,29,400000,Empresa de Pequeno Porte,206-2,Sociedade Empresária Limitada,0,15,2006-05-31,Média,-,BRASIL,São Paulo,BARUERI,PARQUE VIANA,JATOBA,06449060,-,padariagabi.com.br,sim,sim,SP,(4) R$1M - R$4.8M,(2) 4 - 50,Pequena,-,ATIVA,Não,Optante pelo Simples,2880000,1091-1/01,29,+55 (11) 4303-6410,+55 (11) 4194-3998,-,atendimento@jnaassessoria.com.br,AGUINALDO CALHEIROS DE MORAIS,Fabricação de outros produtos alimentícios,10.9,Sudeste,"(8) +1,2M",padaria,Não,RUA,124,ANDAR TERREO
-,CLAUDEMIR SILVA DE LIMA PADARIA,11054123000121,11054123000121,matriz,Fabricação de produtos de padaria e confeitaria com predominância de produção própria,Industria,360000,6,30000,Não Informado,213-5,Empresário (Individual),0,12,2009-07-28,Média,-,BRASIL,São Paulo,BARUERI,VILA ENGENHO NOVO,CAFELANDIA,06416150,-,-,sim,sim,SP,(2) R$81k - R$360k,(2) 4 - 50,Micro,-,ATIVA,Não,Optante pelo Simples,360000,1091-1/02,6,-,+55 (11) 4198-0394,-,vicont@uol.com.br,-,Fabricação de outros produtos alimentícios,10.9,Sudeste,(5) R$350k - R$600k,padaria,Não,RUA,878,-
PADARIA ESTRELA,BEATRIZ DA SILVA SANTOS 49794145831,45474279000183,45474279000183,matriz,Fabricação de produtos de panificação industrial,Industria,-,-,1500,Não Informado,213-5,Empresário (Individual),0,0,2022-02-28,-,-,BRASIL,São Paulo,OSASCO,JARDIM ROBERTO,GILDO CADASTRO,06172110,-,-,não,não,SP,-,-,-,-,ATIVA,Sim,Optante pelo Simples,-,1091-1/01,-,-,-,-,-,-,Fabricação de outros produtos alimentícios,10.9,Sudeste,-,padaria,Não,RUA,-,-
-,MINI PADARIA CENTRAL HAROLDO VELOSO LTDA,11235566000119,11235566000119,matriz,Fabricação de produtos de padaria e confeitaria com predominância de produção própria,Industria,360000,7,20000,Não Informado,206-2,Sociedade Empresária Limitada,1,12,2009-09-14,Média,-,BRASIL,São Paulo,GUARULHOS,CIDADE SERODIO,ESTER,07155060,-,panificadoracentralgru.com.br,sim,sim,SP,(2) R$81k - R$360k,(2) 4 - 50,Micro,-,ATIVA,Não,Optante pelo Simples,720000,1091-1/02,10,"+55 (11) 2471-7294,+55 (11) 2461-1232",+55 (11) 2467-1259,-,falecom@realcontabilidade1.com.br,MARIA DE FATIMA LIMA SANTOS|VANDERVAL PATRICIO LIMA,Fabricação de outros produtos alimentícios,10.9,Sudeste,(5) R$350k - R$600k,padaria,Não,RUA,226,: E 218;
PADARIA RAINHA DO NORMANDIA,PANIFICADORA RAINHA DO NORMANDIA EIRELI,30494534000182,30494534000182,matriz,Fabricação de produtos de padaria e confeitaria com predominância de produção própria,Industria,360000,0,100000,Não Informado,230-5,Empresa Individual de Responsabilidade Limitada (de Natureza Empresária),0,3,2018-05-18,Média,-,BRASIL,São Paulo,GUARULHOS,JARDIM NORMANDIA,JARARATUBA,07252070,-,-,sim,sim,SP,(2) R$81k - R$360k,(1) 1 - 3,Micro,-,ATIVA,Não,Optante pelo Simples,360000,1091-1/02,0,+55 (11) 2480-0430,+55 (11) 2480-0204,-,fk@fkcontabilidade.com,ANTONIO SOUZA SANTOS,Fabricação de outros produtos alimentícios,10.9,Sudeste,(5) R$350k - R$600k,padaria,Não,RUA,33,SALA  4
-,PAULO SERGIO DA SILVA BARUERI,01320981000117,01320981000117,matriz,Fabricação de produtos de padaria e confeitaria com predominância de produção própria,Industria,360000,-,-,Não Informado,213-5,Empresário (Individual),0,25,1996-05-30,Baixa,-,BRASIL,São Paulo,BARUERI,PARQUE IMPERIAL,FREI HENRIQUE SOARES DE COIMBRA,06462190,-,-,sim,sim,SP,(2) R$81k - R$360k,-,Micro,-,ATIVA,Não,Optante pelo Simples,360000,1091-1/02,-,+55 (11) 3681-6703,+55 (11) 4198-0394,-,vicont@uol.com.br,-,Fabricação de outros produtos alimentícios,10.9,Sudeste,(5) R$350k - R$600k,bar,Não,RUA,413,: FRENTE;
PANIFICADORA E RESTAURANTE MADRI,PANIFICADORA E RESTAURANTE MADRI LTDA,17585444000139,17585444000139,matriz,Fabricação de produtos de padaria e confeitaria com predominância de produção própria,Industria,360000,2,50000,Não Informado,206-2,Sociedade Empresária Limitada,0,9,2013-02-08,Média,-,BRASIL,São Paulo,OSASCO,MUNHOZ JUNIOR,JOSE DOMINGUES DE JESUS,06246032,-,-,sim,sim,SP,(2) R$81k - R$360k,(1) 1 - 3,Micro,-,ATIVA,Não,Não Optante,360000,1091-1/02,2,-,+55 (11) 3599-1794,-,azanotti@uol.com.br,GRAZIELLA AUGUSTA DA SILVA CORDEIRO|JOSE NILSON RIBEIRO NASCIMENTO,Fabricação de outros produtos alimentícios,10.9,Sudeste,(5) R$350k - R$600k,restaurante,Não,RUA,460,-
PADARIA PAO BAO,PANIFICADORA E MINIMERCADO PAO BAO LTDA,14152449000180,14152449000180,matriz,Fabricação de produtos de padaria e confeitaria com predominância de produção própria,Industria,360000,6,10000,Não Informado,206-2,Sociedade Empresária Limitada,0,11,2011-05-05,Alta,-,BRASIL,São Paulo,BARUERI,PARQUE IMPERIAL,CICERO MOURA TAVARES,06462005,-,-,sim,sim,SP,(2) R$81k - R$360k,(2) 4 - 50,Micro,-,ATIVA,Não,Optante pelo Simples,360000,1091-1/02,6,-,+55 (11) 3602-0391,-,cristiano@solcontadores.com.br,CINTHIA MAYARA DE ARAUJO ABRANTES PEGO|JOSE AMERICO ABRANTES PEGO,Fabricação de outros produtos alimentícios,10.9,Sudeste,(5) R$350k - R$600k,padaria,Não,RUA,879,-
-,MINIMERCADO E PADARIA LUGUIPAN LTDA,23830694000190,23830694000190,matriz,Fabricação de produtos de padaria e confeitaria com predominância de produção própria,Industria,360000,0,30000,Não Informado,206-2,Sociedade Empresária Limitada,0,6,2015-12-11,Média,-,BRASIL,São Paulo,DIADEMA,CENTRO,MOSCOU,09921180,-,-,sim,sim,SP,(2) R$81k - R$360k,(1) 1 - 3,Micro,-,ATIVA,Não,Optante pelo Simples,360000,1091-1/02,0,-,+55 (11) 2375-0233,-,controlcity@terra.com.br,LUIS ANTONIO FERREIRA|ANA PAULA IGNACIO FERREIRA,Fabricação de outros produtos alimentícios,10.9,Sudeste,(5) R$350k - R$600k,padaria,Não,RUA,125,-
-,PADARIA NS LTDA,46025326000174,46025326000174,matriz,Fabricação de produtos de panificação industrial,Industria,360000,-,-,Não Informado,206-2,Sociedade Empresária Limitada,0,40,1981-07-16,Baixa,-,BRASIL,São Paulo,GUARULHOS,MACEDO,MONTEIRO LOBATO,07190970,-,-,não,não,SP,(2) R$81k - R$360k,-,Micro,-,ATIVA,-,-,360000,1091-1/01,-,-,-,-,-,-,Fabricação de outros produtos alimentícios,10.9,Sudeste,(5) R$350k - R$600k,padaria,Não,AVENIDA,1579,TERREO
-,PADARIA E CONFEITARIA RAINHA DO PIRATININGA LTDA,47360136000176,47360136000176,matriz,Fabricação de produtos de padaria e confeitaria com predominância de produção própria,Industria,360000,1,10000,Não Informado,206-2,Sociedade Empresária Limitada,0,45,1976-09-01,Alta,-,BRASIL,São Paulo,OSASCO,PIRATININGA,AMADOR BUENO,06230100,-,-,sim,sim,SP,(2) R$81k - R$360k,(1) 1 - 3,Micro,-,ATIVA,Não,Optante pelo Simples,360000,1091-1/02,1,+55 (11) 9872-2929,+55 (11) 3687-0995,-,almeguini@almeguini.com.br,MARIA MADALENA DE OLIVEIRA|IZABEL MARIA DE OLIVEIRA,Fabricação de outros produtos alimentícios,10.9,Sudeste,(5) R$350k - R$600k,padaria,Não,RUA,1142,-
PADARIA DO ARTUR,PEDRO ARTUR ALVES OLIVEIRA 57708191890,45975592000103,45975592000103,matriz,Fabricação de produtos de panificação industrial,Industria,-,-,5000,Não Informado,213-5,Empresário (Individual),0,0,2022-04-09,-,-,BRASIL,São Paulo,GUARULHOS,JARDIM PRESIDENTE DUTRA,JEREMOABO,07172140,-,-,não,não,SP,-,-,-,-,ATIVA,Sim,Optante pelo Simples,-,1091-1/01,-,-,-,-,-,-,Fabricação de outros produtos alimentícios,10.9,Sudeste,-,padaria,Não,RUA,-,-
-,RESTAURANTE E PADARIA BELLA CASA EIRELI,11758227000117,11758227000117,matriz,Fabricação de produtos de padaria e confeitaria com predominância de produção própria,Industria,360000,0,94000,Não Informado,230-5,Empresa Individual de Responsabilidade Limitada (de Natureza Empresária),0,12,2010-03-12,Média,-,BRASIL,São Paulo,EMBU DAS ARTES,GRAMADO,MARCELINO PINTO TEIXEIRA,06816000,-,-,sim,sim,SP,(2) R$81k - R$360k,(1) 1 - 3,Micro,-,ATIVA,Não,Optante pelo Simples,360000,1091-1/02,0,+55 (11) 3326-9676,+55 (11) 4781-0512,-,aleksandra_christinelli_2@hotmail.com,MARIA DE FATIMA NUNES DA SILVA,Fabricação de outros produtos alimentícios,10.9,Sudeste,(5) R$350k - R$600k,padaria|restaurante,Não,RUA,184,-
VB AUREA BRASILEIRA,VALDIR BARBOSA DE FARIAS 62365274404,46031393000100,46031393000100,matriz,Fabricação de alimentos e pratos prontos,Industria,-,-,2000,Não Informado,213-5,Empresário (Individual),0,0,2022-04-14,-,-,BRASIL,São Paulo,SANTANA DE PARNAIBA,CHACARA DAS GARCAS,DOS BEIJA-FLORES,06526010,-,-,não,não,SP,-,-,-,-,ATIVA,Sim,Optante pelo Simples,-,1096-1/00,-,-,-,-,-,-,Fabricação de outros produtos alimentícios,10.9,Sudeste,-,bar,Não,RUA,-,CASA
UAI BOLOS CASEIROS BARUERI,RMR COMERCIO DE BOLOS E DOCES LTDA,45385414000114,45385414000114,matriz,Fabricação de produtos de padaria e confeitaria com predominância de produção própria,Industria,-,-,3000,Não Informado,206-2,Sociedade Empresária Limitada,0,0,2022-02-21,-,-,BRASIL,São Paulo,BARUERI,VILA PINDORAMA,CACHOEIRA,06413000,-,-,não,não,SP,-,-,-,-,ATIVA,-,-,-,1091-1/02,-,-,-,-,-,-,Fabricação de outros produtos alimentícios,10.9,Sudeste,-,bar,Não,AVENIDA,-,-
PADARIA S C,PADARIA S.C. LTDA,07175895000144,07175895000144,matriz,Fabricação de produtos de padaria e confeitaria com predominância de produção própria,Industria,360000,0,2000,Não Informado,206-2,Sociedade Empresária Limitada,0,17,2004-12-14,Média,-,BRASIL,São Paulo,ITAPECERICA DA SERRA,PARQUE PARAISO,ARGENTINA,06852490,-,-,sim,sim,SP,(2) R$81k - R$360k,(1) 1 - 3,Micro,-,ATIVA,Não,Não Optante,360000,1091-1/02,0,-,+55 (11) 4165-1996,-,ltpcontabilidade@yahoo.com.br,CLAITON CARDOSO|ELAINE CRISTINA SILVA DOS SANTOS,Fabricação de outros produtos alimentícios,10.9,Sudeste,(5) R$350k - R$600k,padaria,Não,AVENIDA,781,-
PADARIA PEDROS,PADARIA PEDROS EIRELI,13500493000170,13500493000170,matriz,Fabricação de produtos de padaria e confeitaria com predominância de produção própria,Industria,360000,0,100000,Não Informado,230-5,Empresa Individual de Responsabilidade Limitada (de Natureza Empresária),0,11,2011-03-29,Alta,-,BRASIL,São Paulo,BARUERI,JARDIM DOS CAMARGOS,ESMERALDA,06410170,-,-,sim,sim,SP,(2) R$81k - R$360k,(1) 1 - 3,Micro,-,ATIVA,Não,Não Optante,360000,1091-1/02,0,-,+55 (11) 4706-3738,-,soc4@segurasolucoes.com,MARIA CELESTE DOS SANTOS PEDRO,Fabricação de outros produtos alimentícios,10.9,Sudeste,(5) R$350k - R$600k,padaria,Não,RUA,114,-
-,M.D.A. PADARIA E MERCEARIA LTDA,07205888000148,07205888000148,matriz,Fabricação de produtos de padaria e confeitaria com predominância de produção própria,Industria,360000,2,-,Não Informado,206-2,Sociedade Empresária Limitada,0,17,2005-01-10,Média,-,BRASIL,São Paulo,OSASCO,PADROEIRA,BENEDITO ALVES TURIBIO,06160000,-,-,não,sim,SP,(2) R$81k - R$360k,(1) 1 - 3,Micro,-,ATIVA,Não,Optante pelo Simples,360000,1091-1/02,2,-,-,-,tata_bianca_p@hotmail.com,FRANCISCO LUCIANO PEREIRA|ANTONIO LUCIANO PEREIRA,Fabricação de outros produtos alimentícios,10.9,Sudeste,(5) R$350k - R$600k,padaria,Não,AVENIDA,305,A
PANIFICADORA RAINHA DO PARQUE,PRISCILA S DOS SANTOS PADARIA,20113203000100,20113203000100,matriz,Fabricação de produtos de padaria e confeitaria com predominância de produção própria,Industria,360000,9,5000,Não Informado,213-5,Empresário (Individual),0,8,2014-04-22,Média,-,BRASIL,São Paulo,MAUA,PARQUE DAS AMERICAS,BOLIVIA,09350636,-,-,sim,sim,SP,(2) R$81k - R$360k,(2) 4 - 50,Micro,-,ATIVA,Não,Optante pelo Simples,360000,1091-1/02,9,-,+55 (11) 4555-0591,-,guardalivros@uol.com.br,-,Fabricação de outros produtos alimentícios,10.9,Sudeste,(5) R$350k - R$600k,padaria,Não,RUA,12,: A;
PADARIA ANA LUIZA,RENATA & CHINA PAES E DOCES LTDA,07312712000195,07312712000195,matriz,Fabricação de produtos de padaria e confeitaria com predominância de produção própria,Industria,360000,0,5000,Não Informado,206-2,Sociedade Empresária Limitada,0,17,2005-03-23,Média,-,BRASIL,São Paulo,ITAPECERICA DA SERRA,PARQUE PARAISO,PIAUI,06852000,-,-,sim,sim,SP,(2) R$81k - R$360k,(1) 1 - 3,Micro,-,ATIVA,Não,Optante pelo Simples,360000,1091-1/02,0,-,+55 (11) 4667-1246,-,fiscocenter95@terra.com.br,ANDERSON ROGERIO GONCALVES YOGUI|RENATA ROBERTA DOS SANTOS,Fabricação de outros produtos alimentícios,10.9,Sudeste,(5) R$350k - R$600k,padaria,Não,AVENIDA,549,-
BAKERY,PADARIA E CONFEITARIA BAKERY LTDA,41931878000128,41931878000128,matriz,Fabricação de produtos de padaria e confeitaria com predominância de produção própria,Industria,-,-,1000,Não Informado,206-2,Sociedade Empresária Limitada,0,1,2021-05-13,-,-,BRASIL,São Paulo,COTIA,RECANTO DOS VICTOR'S,ITAPETI,06717275,-,-,não,não,SP,-,-,-,-,ATIVA,Não,Optante pelo Simples,-,1091-1/02,-,-,-,-,-,CLAUDIANA DE FARIAS PEREIRA,Fabricação de outros produtos alimentícios,10.9,Sudeste,-,padaria,Não,RUA,242,QUADRAI                   LOTE  L36                 LOJA  3
PADARIA DOIS IRMAOS,JOSE DANIEL DOS SANTOS PAES E DOCES,10399555000101,10399555000101,matriz,Fabricação de produtos de padaria e confeitaria com predominância de produção própria,Industria,360000,-,25000,Não Informado,213-5,Empresário (Individual),0,13,2008-09-18,Baixa,-,BRASIL,São Paulo,MAUA,VILA SANTA CECILIA,AYRTON SENNA DA SILVA,09380440,-,-,sim,sim,SP,(2) R$81k - R$360k,-,Micro,-,ATIVA,Não,Não Optante,360000,1091-1/02,-,+55 (11) 4514-1110,+55 (11) 2778-0261,-,asscon.contab@itelefonica.com.br,-,Fabricação de outros produtos alimentícios,10.9,Sudeste,(5) R$350k - R$600k,padaria,Não,AVENIDA,553,-
PADARIA EFATA,EDUARDO DE SANTANA 37063976842,24080366000186,24080366000186,matriz,Fabricação de produtos de padaria e confeitaria com predominância de produção própria,Industria,-,-,3000,Não Informado,213-5,Empresário (Individual),0,6,2016-01-29,-,-,BRASIL,São Paulo,BARUERI,PARQUE DOS CAMARGOS,REGINA,06436100,-,-,sim,sim,SP,-,-,-,-,ATIVA,Sim,Optante pelo Simples,-,1091-1/02,-,-,+55 (11) 4188-8260,-,edusantana07@yahoo.com.br,-,Fabricação de outros produtos alimentícios,10.9,Sudeste,-,padaria,Não,RUA,252,CASA
SALGADOS DO JAPA,LANCHONETE OKAJIMA LTDA,39456953000102,39456953000102,matriz,Fabricação de alimentos e pratos prontos,Industria,101523,1,20000,Não Informado,206-2,Sociedade Empresária Limitada,0,1,2020-10-16,Média,-,BRASIL,São Paulo,COTIA,JARDIM LEONOR,COAPA,06700241,-,-,sim,sim,SP,(2) R$81k - R$360k,(1) 1 - 3,Micro,-,ATIVA,Não,Optante pelo Simples,101523,1096-1/00,1,-,+55 (11) 3406-5517,-,fiscal@consultoriaprocesp.com,AURO TOCHINORI NAGATA,Fabricação de outros produtos alimentícios,10.9,Sudeste,(3) R$81k - R$150k,lanch,Não,RUA,109,-
-,JOSE CARLOS BEZERRA BARBOSA-PANIFICADORA,11318562000102,11318562000102,matriz,Fabricação de produtos de padaria e confeitaria com predominância de produção própria,Industria,360000,-,16000,Não Informado,213-5,Empresário (Individual),0,15,2006-08-09,Baixa,-,BRASIL,São Paulo,GUARULHOS,JARDIM DOS CARDOSO,ONZE,07075410,-,-,sim,sim,SP,(2) R$81k - R$360k,-,Micro,-,ATIVA,Não,Não Optante,360000,1091-1/02,-,"+55 (11) 4963-2414,+55 (11) 2511-8922",+55 (11) 4963-3017,-,marimarbri@yahoo.com.br,-,Fabricação de outros produtos alimentícios,10.9,Sudeste,(5) R$350k - R$600k,bar,Não,RUA,370,-
DOCES DA BAH CONFEITARIA ARTESANAL,BARBARA CLEICE BARBOSA DA SILVA 02432813588,45827372000124,45827372000124,matriz,Fabricação de produtos de padaria e confeitaria com predominância de produção própria,Industria,-,-,2000,Não Informado,213-5,Empresário (Individual),0,0,2022-03-29,-,-,BRASIL,São Paulo,OSASCO,SAO PEDRO,VALDIR SOARES LOPES,06172187,-,-,não,não,SP,-,-,-,-,ATIVA,Sim,Optante pelo Simples,-,1091-1/02,-,-,-,-,-,-,Fabricação de outros produtos alimentícios,10.9,Sudeste,-,bar,Não,RUA,-,CASA
PADARIA CENTRAL DO BARRETO,PANIFICADORA CENTRAL DO BARRETO LTDA,07966323000183,07966323000183,matriz,Fabricação de produtos de padaria e confeitaria com predominância de produção própria,Industria,360000,2,20000,Não Informado,206-2,Sociedade Empresária Limitada,0,16,2006-03-30,Alta,-,BRASIL,São Paulo,ARUJA,PARQUE RODRIGO BARRETO,ARMANDO COLANGELO,07417310,-,-,sim,sim,SP,(2) R$81k - R$360k,(1) 1 - 3,Micro,-,ATIVA,Não,Optante pelo Simples,360000,1091-1/02,2,"+55 (11) 4655-4859,+55 (11) 99960-8911",+55 (11) 4655-4860,-,genesyz@uol.com.br,MARIA DAS NEVES CLEMENTE CARDOSO|ANA LUCIA CLEMENTE CARDOSO,Fabricação de outros produtos alimentícios,10.9,Sudeste,(5) R$350k - R$600k,bar|padaria,Não,AVENIDA,1380,-
-,"GERALDO R. D, DE SOUSA PADARIA",11781749000130,11781749000130,matriz,Fabricação de produtos de padaria e confeitaria com predominância de produção própria,Industria,360000,3,5000,Não Informado,213-5,Empresário (Individual),0,12,2010-03-30,Alta,-,BRASIL,São Paulo,DIADEMA,SERRARIA,FRANCISCO ANTONIO DA SILVA,09990105,-,-,sim,sim,SP,(2) R$81k - R$360k,(1) 1 - 3,Micro,-,ATIVA,Não,Optante pelo Simples,360000,1091-1/02,3,"+55 (11) 3426-8051,+55 (11) 5518-4786",+55 (11) 9957-0712,-,martinstqn8@bol.com.br,-,Fabricação de outros produtos alimentícios,10.9,Sudeste,(5) R$350k - R$600k,padaria,Não,RUA,4,-
PADARIA OLINDA,PANIFICADORA E MINIMERCADO OLINDA LTDA,20728513000120,20728513000120,matriz,Fabricação de produtos de padaria e confeitaria com predominância de produção própria,Industria,360000,0,20000,Não Informado,206-2,Sociedade Empresária Limitada,0,7,2014-07-29,Média,-,BRASIL,São Paulo,MAUA,PARQUE BANDEIRANTES,MARTINS PROASK,09341355,-,-,sim,sim,SP,(2) R$81k - R$360k,(1) 1 - 3,Micro,-,ATIVA,Não,Optante pelo Simples,360000,1091-1/02,0,"+55 (11) 4541-3147,+55 (11) 4519-5237",+55 (11) 4511-4473,-,lopesbandeirantes@uol.com.br,ELIANE MARIA DO NASCIMENTO,Fabricação de outros produtos alimentícios,10.9,Sudeste,(5) R$350k - R$600k,padaria,Não,RUA,17,: B;
PANIFICADORA RAFAELA,GERALDO FERREIRA DE SOUZA -PADARIA,16910684000107,16910684000107,matriz,Fabricação de produtos de panificação industrial,Industria,360000,2,30000,Não Informado,213-5,Empresário (Individual),0,9,2012-09-05,Média,-,BRASIL,São Paulo,OSASCO,CONCEICAO,PARANAENSE,06140052,-,-,sim,sim,SP,(2) R$81k - R$360k,(1) 1 - 3,Micro,-,ATIVA,Não,Optante pelo Simples,360000,1091-1/01,2,+55 (11) 3654-4289,+55 (11) 3699-2587,-,julinhocontabilidade@uol.com.br,-,Fabricação de outros produtos alimentícios,10.9,Sudeste,(5) R$350k - R$600k,padaria,Não,RUA,1157,-
PADARIA GRATIDAO,DANIEL PASSERANI 26794650835,45521706000137,45521706000137,matriz,Fabricação de produtos de panificação industrial,Industria,-,-,1000,Não Informado,213-5,Empresário (Individual),0,0,2022-03-04,-,-,BRASIL,São Paulo,DIADEMA,VILA NOGUEIRA,MATIAS DE ALBUQUERQUE,09942170,-,-,não,não,SP,-,-,-,-,ATIVA,Sim,Optante pelo Simples,-,1091-1/01,-,-,-,-,-,-,Fabricação de outros produtos alimentícios,10.9,Sudeste,-,padaria,Não,RUA,-,-
PADARIA SUPER 13,PADARIA SUPER 13 LTDA,05823618000175,05823618000175,matriz,Fabricação de produtos de padaria e confeitaria com predominância de produção própria,Industria,360000,7,20000,Não Informado,206-2,Sociedade Empresária Limitada,0,18,2003-06-27,Alta,-,BRASIL,São Paulo,OSASCO,SANTO ANTONIO,PAULO SOARES,06130120,-,-,não,sim,SP,(2) R$81k - R$360k,(2) 4 - 50,Micro,-,ATIVA,Não,Optante pelo Simples,360000,1091-1/02,7,-,-,-,mercado_super13@hotmail.com,VALCELIO CIRIACO DELGADO|JOSE UEDES CUSTODIO DE LIMA,Fabricação de outros produtos alimentícios,10.9,Sudeste,(5) R$350k - R$600k,padaria,Não,RUA,486,-
BENDITTA MASSAS E SALGADOS ARTESANAIS,RODRIGO BARBOSA MARQUES 33562488807,46360500000135,46360500000135,matriz,Fabricação de alimentos e pratos prontos,Industria,-,-,2000,Não Informado,213-5,Empresário (Individual),0,0,2022-05-11,-,-,BRASIL,São Paulo,MAUA,JARDIM ZAIRA,LUIS MARCOLINO,09320680,-,-,não,não,SP,-,-,-,-,ATIVA,Sim,Optante pelo Simples,-,1096-1/00,-,-,-,-,-,-,Fabricação de outros produtos alimentícios,10.9,Sudeste,-,bar,Não,AVENIDA,-,-
PADARIA E MERCEARIA TH,ELIAS APARECIDO PEREIRA 32879616832,23548565000103,23548565000103,matriz,Fabricação de produtos de padaria e confeitaria com predominância de produção própria,Industria,-,-,3000,Não Informado,213-5,Empresário (Individual),0,6,2015-10-27,-,-,BRASIL,São Paulo,MAUA,JARDIM PRIMAVERA,DO MANACA,09361110,-,-,sim,não,SP,-,-,-,-,ATIVA,Sim,Optante pelo Simples,-,1091-1/02,-,-,+55 (11) 3410-0604,-,-,-,Fabricação de outros produtos alimentícios,10.9,Sudeste,-,padaria,Não,AVENIDA,797,CASA
PADOCA DO KALL,RICARDO JOSE DE CARVALHO PADARIA LTDA,02149937000159,02149937000159,matriz,Fabricação de produtos de padaria e confeitaria com predominância de produção própria,Industria,360000,7,7000,Não Informado,206-2,Sociedade Empresária Limitada,0,24,1997-09-24,Alta,-,BRASIL,São Paulo,BARUERI,CENTRO,SANTA URSULA,06401220,-,-,sim,sim,SP,(2) R$81k - R$360k,(2) 4 - 50,Micro,-,ATIVA,Não,Não Optante,360000,1091-1/02,7,-,+55 (11) 4198-0394,-,vicont@uol.com.br,SILVANA ANUNCIACAO COELHO CARVALHO|RICARDO JOSE DE CARVALHO,Fabricação de outros produtos alimentícios,10.9,Sudeste,(5) R$350k - R$600k,padaria,Não,RUA,450,-
PADARIA DALICE,PAES E DOCES DALICE LTDA,09622497000154,09622497000154,matriz,Fabricação de produtos de padaria e confeitaria com predominância de produção própria,Industria,360000,35,10000,Não Informado,206-2,Sociedade Empresária Limitada,0,13,2008-05-29,Alta,-,BRASIL,São Paulo,ARUJA,JARDIM LIMOEIRO,ALBERTO HINOTO,07434100,-,-,sim,sim,SP,(2) R$81k - R$360k,(2) 4 - 50,Micro,-,ATIVA,Não,Optante pelo Simples,360000,1091-1/02,35,"+55 (11) 4654-2955,+55 (11) 2480-0730,+55 (11) 4652-1622",-,-,"kalves@uol.com.br,padariatibaji@hotmail.com",RAUL BONACINA|CARLOS ALBERTO BONACINA|ALICE BONASSINA,Fabricação de outros produtos alimentícios,10.9,Sudeste,(5) R$350k - R$600k,padaria,Não,RODOVIA,2540,BOX   01
PADARIA SAMAMBAIA,DOMINGOS APOLINARIO DOS SANTOS 73538604568,28179951000199,28179951000199,matriz,Fabricação de produtos de panificação industrial,Industria,-,-,1000,Não Informado,213-5,Empresário (Individual),0,4,2017-07-13,-,-,BRASIL,São Paulo,GUARULHOS,RECREIO SAO JORGE,SAMAMBAIA,07144694,-,-,sim,sim,SP,-,-,-,-,ATIVA,Sim,Optante pelo Simples,-,1091-1/01,-,-,+55 (11) 6166-4236,-,sami.1803@hotmail.com,-,Fabricação de outros produtos alimentícios,10.9,Sudeste,-,padaria,Não,RUA,121,-
PADARIA CAIU DO CEU,D G DE QUEIROZ PANIFICACAO,17105742000184,17105742000184,matriz,Fabricação de produtos de padaria e confeitaria com predominância de produção própria,Industria,360000,4,10000,Não Informado,213-5,Empresário (Individual),0,9,2012-09-20,Média,-,BRASIL,São Paulo,GUARULHOS,JARDIM BELVEDERE,JOAO SIMAO,07142330,-,-,sim,sim,SP,(2) R$81k - R$360k,(2) 4 - 50,Micro,-,ATIVA,Não,Não Optante,360000,1091-1/02,4,"+55 (11) 4215-8285,+55 (11) 2480-4598",+55 (11) 5988-1661,-,contabilidade@sevencontabil.com,-,Fabricação de outros produtos alimentícios,10.9,Sudeste,(5) R$350k - R$600k,padaria,Não,RUA,317,-
-,PADARIA E CONFEITARIA KI-PAO EIRELI,50130715000137,50130715000137,matriz,Fabricação de produtos de panificação industrial,Industria,1440000,20,67800,Empresa de Pequeno Porte,230-5,Empresa Individual de Responsabilidade Limitada (de Natureza Empresária),0,43,1978-10-26,Alta,-,BRASIL,São Paulo,MAUA,VILA BOCAINA,REGENTE FEIJO,09310640,-,-,sim,não,SP,(4) R$1M - R$4.8M,(2) 4 - 50,Pequena,-,ATIVA,Não,Não Optante,1440000,1091-1/01,20,-,+55 (11) 2786-1485,-,-,YOSHIO FUJISHIGE|MASAKO YAMAGUCHI FUJISHIGE,Fabricação de outros produtos alimentícios,10.9,Sudeste,"(8) +1,2M",padaria,Não,RUA,123,-
-,JHONATAN BARBOSA DA SILVA 41808861892,45868877000137,45868877000137,matriz,Fabricação de produtos de padaria e confeitaria com predominância de produção própria,Industria,-,-,5000,Não Informado,213-5,Empresário (Individual),0,0,2022-04-01,-,-,BRASIL,São Paulo,OSASCO,HELENA MARIA,PAULO CEZAR RIBEIRO,06253190,-,-,não,não,SP,-,-,-,-,ATIVA,Sim,Optante pelo Simples,-,1091-1/02,-,-,-,-,-,-,Fabricação de outros produtos alimentícios,10.9,Sudeste,-,bar,Não,RUA,-,-
VITOR,VITOR VINICIUS BARROCHELO DOS SANTOS 49126280850,46271584000130,46271584000130,matriz,Fabricação de alimentos e pratos prontos,Industria,-,-,1000,Não Informado,213-5,Empresário (Individual),0,0,2022-05-05,-,-,BRASIL,São Paulo,GUARULHOS,CIDADE INDUSTRIAL SATELITE DE SAO PAULO,DOS JESUITAS,07231060,-,-,não,não,SP,-,-,-,-,ATIVA,Sim,Optante pelo Simples,-,1096-1/00,-,-,-,-,-,-,Fabricação de outros produtos alimentícios,10.9,Sudeste,-,bar,Não,RUA,-,CONJ
PADARIA PAO QUENTE,PADARIA DR PRODUCAO LTDA,20121040000107,20121040000107,matriz,Fabricação de produtos de padaria e confeitaria com predominância de produção própria,Industria,360000,0,100000,Não Informado,206-2,Sociedade Empresária Limitada,0,8,2014-04-23,Média,-,BRASIL,São Paulo,GUARULHOS,VILA DAS MALVINAS,DOS EUCALIPTOS,07145500,-,-,sim,sim,SP,(2) R$81k - R$360k,(1) 1 - 3,Micro,-,ATIVA,Não,Optante pelo Simples,360000,1091-1/02,0,-,+55 (11) 2469-8778,-,ad.souza@globo.com,DANIEL RODRIGUES DOS SANTOS|ROZILENE ALVES NOGUEIRA,Fabricação de outros produtos alimentícios,10.9,Sudeste,(5) R$350k - R$600k,padaria,Não,RUA,68,-
-,PADARIA RAINHA DO ISAURA LTDA,21996302000131,21996302000131,matriz,Fabricação de produtos de padaria e confeitaria com predominância de produção própria,Industria,360000,0,50000,Não Informado,206-2,Sociedade Empresária Limitada,0,7,2015-03-06,Alta,-,BRASIL,São Paulo,SANTANA DE PARNAIBA,JARDIM ISAURA,MOACIR DA SILVEIRA,06516050,-,-,sim,sim,SP,(2) R$81k - R$360k,(1) 1 - 3,Micro,-,ATIVA,Não,Optante pelo Simples,360000,1091-1/02,0,-,+55 (11) 4705-2083,-,cida@assesconnet.com.br,SIRLEI MONICA DIAS|JOSUE PIO,Fabricação de outros produtos alimentícios,10.9,Sudeste,(5) R$350k - R$600k,padaria,Não,AVENIDA,1548,-
PADARIA PAIXAO,PADARIA PAIXAO LTDA,37730957000101,37730957000101,matriz,Fabricação de produtos de padaria e confeitaria com predominância de produção própria,Industria,720000,0,50000,Empresa de Pequeno Porte,206-2,Sociedade Empresária Limitada,0,1,2020-07-15,Alta,-,BRASIL,São Paulo,OSASCO,BARONESA,LUIZ GATTI,06266030,-,-,sim,sim,SP,(3) R$360k - R$1M,(1) 1 - 3,Pequena,-,ATIVA,Não,Optante pelo Simples,720000,1091-1/02,0,-,+55 (11) 5555-3355,-,padariapaixao@gmail.com,RAFAEL APARECIDO DE OLIVEIRA|FRANCISCO PAIXAO DE OLIVEIRA,Fabricação de outros produtos alimentícios,10.9,Sudeste,(6) R$600k - R$1M,padaria,Não,RUA,320,LOJA  8                   QUADRA11
PADARIA REAL,PANIFICADORA REAL COMERCIO DE PRODUTOS ALIMENTICIOS EIRELI,34058020000135,34058020000135,matriz,Fabricação de produtos de padaria e confeitaria com predominância de produção própria,Industria,1440000,12,99800,Empresa de Pequeno Porte,230-5,Empresa Individual de Responsabilidade Limitada (de Natureza Empresária),0,2,2019-06-28,Alta,-,BRASIL,São Paulo,OSASCO,UMUARAMA,BUSSOCABA,06036080,-,padariarealosasco.com.br,sim,sim,SP,(4) R$1M - R$4.8M,(2) 4 - 50,Pequena,-,ATIVA,Não,Optante pelo Simples,1440000,1091-1/02,12,+55 (11) 3685-2858,+55 (11) 3685-2826,-,financeiro@controleoeste.com.br,VANESSA OLIVEIRA FERNANDES BURIGO,Fabricação de outros produtos alimentícios,10.9,Sudeste,"(8) +1,2M",padaria,Não,AVENIDA,850,LOJA  1                         2                         3                         4
PADARIA III IRMAOS,PADARIA III IRMAOS LTDA,16890864000166,16890864000166,matriz,Fabricação de produtos de padaria e confeitaria com predominância de produção própria,Industria,360000,3,30000,Não Informado,206-2,Sociedade Empresária Limitada,0,9,2012-08-28,Alta,-,BRASIL,São Paulo,COTIA,PARQUE TURIGUARA,JUIZ DE FORA,06703290,-,-,sim,sim,SP,(2) R$81k - R$360k,(1) 1 - 3,Micro,-,ATIVA,Não,Optante pelo Simples,360000,1091-1/02,3,-,+55 (11) 4148-7952,-,xxxx@xxxxx.xom.br,ANTONIO DE ASSIS|JOSEFA VIEIRA DE ASSIS,Fabricação de outros produtos alimentícios,10.9,Sudeste,(5) R$350k - R$600k,padaria,Não,RUA,125,-
PADARIA E CONFEITARIA FLORENCA,ALM PADARIA E CONFEITARIA LTDA,42749428000181,42749428000181,matriz,Fabricação de alimentos e pratos prontos,Industria,-,-,20000,Não Informado,206-2,Sociedade Empresária Limitada,0,0,2021-07-16,-,-,BRASIL,São Paulo,MAUA,VILA BOCAINA,LUIS LACAVA,09310080,-,-,não,não,SP,-,-,-,-,ATIVA,Não,Optante pelo Simples,-,1096-1/00,-,-,-,-,-,ANGELA LUISA MOREIRA DE SOUZA,Fabricação de outros produtos alimentícios,10.9,Sudeste,-,padaria,Não,RUA,300,-
PADARIA NOVO HORIZONTE,PADARIA MILAGRE DE MANA LTDA,33176730000105,33176730000105,matriz,Fabricação de produtos de padaria e confeitaria com predominância de produção própria,Industria,360000,1,120000,Não Informado,206-2,Sociedade Empresária Limitada,0,3,2019-03-28,Alta,-,BRASIL,São Paulo,GUARULHOS,JARDIM FATIMA,PAPA JOAO PAULO I,07177025,-,-,sim,sim,SP,(2) R$81k - R$360k,(1) 1 - 3,Micro,-,ATIVA,Não,Optante pelo Simples,360000,1091-1/02,1,-,+55 (11) 2788-9089,-,comercial@elianacontabilidade.com.br,EDSON CARLOS DA SILVA|ANDERSON MONTEIRO DA SILVA|TEREZINHA MARIA DA SILVA,Fabricação de outros produtos alimentícios,10.9,Sudeste,(5) R$350k - R$600k,padaria,Não,AVENIDA,7405,-
PADARIA BAEPENDY,PADARIA E CONFEITARIA BAEPENDY LTDA,09242635000170,09242635000170,matriz,Fabricação de produtos de padaria e confeitaria com predominância de produção própria,Industria,360000,12,20000,Não Informado,206-2,Sociedade Empresária Limitada,0,14,2007-10-10,Alta,-,BRASIL,São Paulo,DIADEMA,CAMPANARIO,BAEPENDY,09931090,-,-,sim,sim,SP,(2) R$81k - R$360k,(2) 4 - 50,Micro,-,ATIVA,Não,Optante pelo Simples,360000,1091-1/02,12,+55 (11) 5672-5914,+55 (11) 4091-4632,-,filipetadeu@uol.com.br,JORGE SANTOS SOUZA|JUNICIO SANTOS SOUZA,Fabricação de outros produtos alimentícios,10.9,Sudeste,(5) R$350k - R$600k,padaria,Não,RUA,294,-
1000 TON,MILTON JOSE DOS SANTOS PADARIA,00200917000130,00200917000130,matriz,Fabricação de produtos de padaria e confeitaria com predominância de produção própria,Industria,-,-,-,Não Informado,213-5,Empresário (Individual),1,27,1994-09-08,-,-,BRASIL,São Paulo,GUARULHOS,MACEDO,DIAMANTINA,07197260,-,-,não,não,SP,-,-,-,-,ATIVA,Não,Não Optante,-,1091-1/02,-,-,-,-,-,-,Fabricação de outros produtos alimentícios,10.9,Sudeste,-,padaria,Não,RUA,5,-
FURA BOLOS & BURGUER ARTESANAL,UANDRESSON CRUZ DOS SANTOS 35323275898,46251287000123,46251287000123,matriz,Fabricação de produtos de padaria e confeitaria com predominância de produção própria,Industria,-,-,1000,Não Informado,213-5,Empresário (Individual),0,0,2022-05-03,-,-,BRASIL,São Paulo,OSASCO,NOVO OSASCO,OBADIA,06142351,-,-,não,não,SP,-,-,-,-,ATIVA,Sim,Optante pelo Simples,-,1091-1/02,-,-,-,-,-,-,Fabricação de outros produtos alimentícios,10.9,Sudeste,-,burg,Não,RUA,-,-
BULILA COOKIES,CAMILA DAS NEVES ESCOBAR 30581363825,45530869000186,45530869000186,matriz,Fabricação de produtos de padaria e confeitaria com predominância de produção própria,Industria,-,-,1000,Não Informado,213-5,Empresário (Individual),0,0,2022-03-05,-,-,BRASIL,São Paulo,BARUERI,VILA SAO JOAO,HENRIQUETA MENDES GUERRA,06401160,-,-,não,não,SP,-,-,-,-,ATIVA,Sim,Optante pelo Simples,-,1091-1/02,-,-,-,-,-,-,Fabricação de outros produtos alimentícios,10.9,Sudeste,-,bar,Não,AVENIDA,-,BLOCO 18;APT 163
COZINHA DOCE,INGRID BARBOSA SILVA BRANDAO 43053180839,45481633000105,45481633000105,matriz,Fabricação de produtos de padaria e confeitaria com predominância de produção própria,Industria,-,-,1500,Não Informado,213-5,Empresário (Individual),0,0,2022-03-01,-,-,BRASIL,São Paulo,ITAPECERICA DA SERRA,CIDADE SANTA JULIA,JOSE DA SILVA,06866465,-,-,não,não,SP,-,-,-,-,ATIVA,Sim,Optante pelo Simples,-,1091-1/02,-,-,-,-,-,-,Fabricação de outros produtos alimentícios,10.9,Sudeste,-,bar,Não,RUA,-,LETRA VIELA 2
-,JOSE RAMOS DE O. MATOS PADARIA,12031296000197,12031296000197,matriz,Fabricação de produtos de padaria e confeitaria com predominância de produção própria,Industria,360000,-,30000,Não Informado,213-5,Empresário (Individual),0,12,2010-05-13,Baixa,-,BRASIL,São Paulo,DIADEMA,ELDORADO,JATOBA,09973180,-,-,sim,sim,SP,(2) R$81k - R$360k,-,Micro,-,ATIVA,Não,Não Optante,360000,1091-1/02,-,-,+55 (11) 4043-6201,-,flexil@uol.com.br,-,Fabricação de outros produtos alimentícios,10.9,Sudeste,(5) R$350k - R$600k,padaria,Não,RUA,278,-
PADARIA OLIVEIRA,DANIEL DE OLIVEIRA PADARIA,12017848000102,12017848000102,matriz,Fabricação de produtos de padaria e confeitaria com predominância de produção própria,Industria,360000,0,20000,Não Informado,213-5,Empresário (Individual),0,11,2010-05-19,Média,-,BRASIL,São Paulo,SANTANA DE PARNAIBA,PARQUE SANTANA,ANTONIO SANTANA LEITE,06515060,-,-,sim,sim,SP,(2) R$81k - R$360k,(1) 1 - 3,Micro,-,ATIVA,Não,Optante pelo Simples,360000,1091-1/02,0,-,+55 (11) 4151-1758,-,contabil@grupofastplay.com.br,-,Fabricação de outros produtos alimentícios,10.9,Sudeste,(5) R$350k - R$600k,padaria,Não,RUA,260,-
IMPERIAL MERCEARIA E PADARIA,ANA PAULA DO NASCIMENTO COSTA 15605863894,46159735000163,46159735000163,matriz,Fabricação de produtos de padaria e confeitaria com predominância de produção própria,Industria,-,-,30000,Não Informado,213-5,Empresário (Individual),0,0,2022-04-26,-,-,BRASIL,São Paulo,MAUA,JARDIM ITAPARK,ITAPARK,09350000,-,-,não,não,SP,-,-,-,-,ATIVA,Sim,Optante pelo Simples,-,1091-1/02,-,-,-,-,-,-,Fabricação de outros produtos alimentícios,10.9,Sudeste,-,padaria,Não,AVENIDA,-,-
-,ELIANE SANTANA PADARIA,10272716000100,10272716000100,matriz,Fabricação de produtos de padaria e confeitaria com predominância de produção própria,Industria,360000,0,3000,Não Informado,213-5,Empresário (Individual),0,13,2008-07-10,Alta,-,BRASIL,São Paulo,ARUJA,LAVORARE ARUJA,DEOLINDA NOBREGA DE ALMEIDA,07400015,-,-,sim,sim,SP,(2) R$81k - R$360k,(1) 1 - 3,Micro,-,ATIVA,Não,Não Optante,360000,1091-1/02,0,-,+55 (11) 4655-1522,-,ademirbelli@terra.com.br,-,Fabricação de outros produtos alimentícios,10.9,Sudeste,(5) R$350k - R$600k,padaria,Não,RUA,203,-
FRATELLI - PANIFICADORA E PIZZARIA,PANIFICADORA E PIZZARIA FRATELLI DELLA VICTORIA LTDA,54264858000192,54264858000192,matriz,Fabricação de produtos de padaria e confeitaria com predominância de produção própria,Industria,360000,8,10000,Empresa de Pequeno Porte,206-2,Sociedade Empresária Limitada,0,37,1985-02-27,Alta,-,BRASIL,São Paulo,OSASCO,VILA OSASCO,SANTO ANTONIO,06083215,-,padariafratelli.com.br,sim,não,SP,(2) R$81k - R$360k,(2) 4 - 50,Micro,-,ATIVA,Não,Optante pelo Simples,360000,1091-1/02,8,-,+55 (11) 3682-1403,-,-,PAULO SERGIO RODRIGUES,Fabricação de outros produtos alimentícios,10.9,Sudeste,(5) R$350k - R$600k,pizza,Não,AVENIDA,1971,-
QUALI LANCHES,QUALI LANCHES LTDA,24649788000120,24649788000120,matriz,Fabricação de alimentos e pratos prontos,Industria,360000,8,50000,Não Informado,206-2,Sociedade Empresária Limitada,0,6,2016-04-25,Alta,-,BRASIL,São Paulo,GUARULHOS,CIDADE JARDIM CUMBICA,PORTEIRAS,07180090,-,-,sim,sim,SP,(2) R$81k - R$360k,(2) 4 - 50,Micro,-,ATIVA,Não,Optante pelo Simples,360000,1096-1/00,8,+55 (11) 2303-7268,+55 (11) 2488-8263,-,kelanche@kelanche.com.br,NAIARA MARTA DOS SANTOS|MARCELO AFONSO DOS SANTOS|ROSALINA FATIMA MARTA DOS SANTOS,Fabricação de outros produtos alimentícios,10.9,Sudeste,(5) R$350k - R$600k,lanch,Não,RUA,115,-
CASA DE GUADALUPE PADARIA,CASA DE GUADALUPE PADARIA E RESTAURANTE LTDA,34508123000150,34508123000150,matriz,Fabricação de produtos de padaria e confeitaria com predominância de produção própria,Industria,2880000,7,150000,Empresa de Pequeno Porte,206-2,Sociedade Empresária Limitada,0,2,2019-08-12,Alta,-,BRASIL,São Paulo,GUARULHOS,VILA GALVAO,SAO BENTO,07070000,-,-,sim,sim,SP,(4) R$1M - R$4.8M,(2) 4 - 50,Pequena,-,ATIVA,Não,Não Optante,2880000,1091-1/02,7,+55 (11) 7033-5171,+55 (11) 5438-4462,-,flavia0074@hotmail.com,JOSANA SAPUCAHY DE ALMEIDA|FLAVIA ARAUJO DE ALMEIDA RAMALHO,Fabricação de outros produtos alimentícios,10.9,Sudeste,"(8) +1,2M",padaria|restaurante,Não,AVENIDA,1650,-
FAB COMERCIO DE BOLOS,F.A. BARROS - COMERCIO DE BOLOS,27201521000163,27201521000163,matriz,Fabricação de produtos de padaria e confeitaria com predominância de produção própria,Industria,360000,0,100000,Não Informado,213-5,Empresário (Individual),0,5,2017-03-01,Média,-,BRASIL,São Paulo,ITAPECERICA DA SERRA,CENTRO,DA MATRIZ DE NOSSA SENHORA DOS PRAZERES,06850730,-,-,sim,sim,SP,(2) R$81k - R$360k,(1) 1 - 3,Micro,-,ATIVA,Não,Optante pelo Simples,360000,1091-1/02,0,-,+55 (11) 2201-2000,-,contabilmadeira@terra.com.br,-,Fabricação de outros produtos alimentícios,10.9,Sudeste,(5) R$350k - R$600k,bar,Não,LARGO,351,-
-,"BEP PANIFICADORA, RESTAURANTE E PARTICIPACOES LTDA.",17607101000209,17607101000128,filial,Fabricação de produtos de panificação industrial,Industria,3540749,6,1089536,Demais,206-2,Sociedade Empresária Limitada,1,7,2014-08-28,Média,Em declínio,BRASIL,São Paulo,BARUERI,JARDIM MUTINGA,VICTORINO,06463290,-,-,sim,sim,SP,(4) R$1M - R$4.8M,(2) 4 - 50,Pequena,-,ATIVA,-,-,5432789,1091-1/01,6,"+55 (11) 2967-2888,+55 (11) 3062-5048",+55 (11) 2309-5594,-,rodrigo@santopao.com.br,BF BRASIL PARTICIPACOES S.A.|RICARDO RINKEVICIUS|MARCOS CAMPOMIZZI CALAZANS,Fabricação de outros produtos alimentícios,10.9,Sudeste,"(8) +1,2M",restaurante,Não,RUA,98,-
RESTAURANTE,AUGUSTO AQUINO DOS SANTOS FERREIRA 49757904830,46367903000106,46367903000106,matriz,Fabricação de alimentos e pratos prontos,Industria,-,-,250,Não Informado,213-5,Empresário (Individual),0,0,2022-05-12,-,-,BRASIL,São Paulo,COTIA,PARQUE SANTA RITA DE CASSIA,IRMA LEONOR DE SAO JOSE,06700610,-,-,não,não,SP,-,-,-,-,ATIVA,Sim,Optante pelo Simples,-,1096-1/00,-,-,-,-,-,-,Fabricação de outros produtos alimentícios,10.9,Sudeste,-,restaurante,Não,RUA,-,-
-,PADARIA E CONFEITARIA SECULO 21 LTDA,03248249000109,03248249000109,matriz,Fabricação de produtos de padaria e confeitaria com predominância de produção própria,Industria,1440000,16,70000,Empresa de Pequeno Porte,206-2,Sociedade Empresária Limitada,0,22,1999-06-21,Alta,-,BRASIL,São Paulo,COTIA,JARDIM TORINO,DO EMBU,06713100,-,-,sim,não,SP,(4) R$1M - R$4.8M,(2) 4 - 50,Pequena,-,ATIVA,Não,Optante pelo Simples,1440000,1091-1/02,16,-,+55 (11) 2823-0966,-,-,JOAO CARLOS TEIXEIRA DA SILVA JUNIOR|MARIA DE FATIMA FERNANDES VEIGA,Fabricação de outros produtos alimentícios,10.9,Sudeste,"(8) +1,2M",padaria,Não,ESTRADA MUNICIPAL,123,-
PINGO DE MEL,PADARIA PINGO DE MEL LTDA,44584974000135,44584974000135,matriz,Fabricação de produtos de padaria e confeitaria com predominância de produção própria,Industria,-,-,50000,Não Informado,206-2,Sociedade Empresária Limitada,0,0,2021-12-14,-,-,BRASIL,São Paulo,DIADEMA,CAMPANARIO,BRASILIA,09931400,-,-,não,não,SP,-,-,-,-,ATIVA,-,-,-,1091-1/02,-,-,-,-,-,-,Fabricação de outros produtos alimentícios,10.9,Sudeste,-,padaria,Não,AVENIDA,605,-
CASA DE BOLOS LENICE,LENICE SOUSA BARRETO 25398552880,45318389000156,45318389000156,matriz,Fabricação de produtos de padaria e confeitaria com predominância de produção própria,Industria,-,-,5000,Não Informado,213-5,Empresário (Individual),0,0,2022-02-16,-,-,BRASIL,São Paulo,OSASCO,UMUARAMA,BEZERRA DE MENEZES,06028220,-,-,não,não,SP,-,-,-,-,ATIVA,Sim,Optante pelo Simples,-,1091-1/02,-,-,-,-,-,-,Fabricação de outros produtos alimentícios,10.9,Sudeste,-,bar,Não,RUA,-,CASA 1
-,PADARIA E CONFEITARIA AURORA LTDA,48749568000136,48749568000136,matriz,Fabricação de produtos de padaria e confeitaria com predominância de produção própria,Industria,360000,12,-,Empresa de Pequeno Porte,206-2,Sociedade Empresária Limitada,0,44,1977-09-29,Alta,-,BRASIL,São Paulo,SANTANA DE PARNAIBA,CENTRO,SANTA CRUZ,06501095,-,-,sim,não,SP,(2) R$81k - R$360k,(2) 4 - 50,Micro,-,ATIVA,Não,Optante pelo Simples,360000,1091-1/02,12,-,+55 (11) 4154-4815,-,-,ANA LUCIA LEITE SCARPA RODRIGUES|NIRZA SCARPA DE OLIVEIRA LEITE,Fabricação de outros produtos alimentícios,10.9,Sudeste,(5) R$350k - R$600k,padaria,Não,RUA,4,-
-,EMPORIO X PADARIA & CONFEITARIA MUTINGA LTDA,34289351000186,34289351000186,matriz,Fabricação de produtos de padaria e confeitaria com predominância de produção própria,Industria,360000,3,10000,Não Informado,206-2,Sociedade Empresária Limitada,0,2,2019-07-22,Alta,-,BRASIL,São Paulo,OSASCO,VILA MENCK,PRESIDENTE MEDICI,06273000,-,-,sim,sim,SP,(2) R$81k - R$360k,(1) 1 - 3,Micro,-,ATIVA,Não,Optante pelo Simples,360000,1091-1/02,3,-,+55 (11) 9540-8526,-,cassiacontab@hotmail.com,LEONARDO CAUDURO DOS SANTOS|LETICIA MOURA DE MELLO,Fabricação de outros produtos alimentícios,10.9,Sudeste,(5) R$350k - R$600k,padaria,Não,AVENIDA,2065,-
MINI PADARIA FORTALEZA,MINI PADARIA FORTALEZA LTDA,20423008000178,20423008000178,matriz,Fabricação de produtos de padaria e confeitaria com predominância de produção própria,Industria,360000,2,25000,Não Informado,206-2,Sociedade Empresária Limitada,0,7,2014-06-10,Média,-,BRASIL,São Paulo,OSASCO,ROCHDALE,FORTALEZA,06226040,-,-,sim,sim,SP,(2) R$81k - R$360k,(1) 1 - 3,Micro,-,ATIVA,Não,Optante pelo Simples,360000,1091-1/02,2,-,+55 (11) 3686-6740,-,elson.mengo@hotmail.com,ZULEIDE SOARES DE MEDEIROS OLIARI,Fabricação de outros produtos alimentícios,10.9,Sudeste,(5) R$350k - R$600k,padaria,Não,RUA,71,-
PADARIA DO MURILO,C. C. O. FURTADO PANIFICADORA LTDA,09219373000122,09219373000122,matriz,Fabricação de produtos de padaria e confeitaria com predominância de produção própria,Industria,360000,4,5000,Não Informado,206-2,Sociedade Empresária Limitada,0,14,2007-11-21,Média,-,BRASIL,São Paulo,MAUA,JARDIM ORATORIO,VILHENA,09380544,-,-,sim,sim,SP,(2) R$81k - R$360k,(2) 4 - 50,Micro,-,ATIVA,Não,Optante pelo Simples,360000,1091-1/02,4,-,+55 (11) 4543-1008,-,lurefibe@terra.com.br,MURILO LEITE FURTADO FILHO|CICERA CLAUDIA OLIVEIRA FURTADO,Fabricação de outros produtos alimentícios,10.9,Sudeste,(5) R$350k - R$600k,padaria,Não,RUA,139,-
PADARIA NOSSA FAMILIA,ERICA DOS SANTOS NASCIMENTO GOMES,25680847000195,25680847000195,matriz,Fabricação de produtos de padaria e confeitaria com predominância de produção própria,Industria,360000,-,10000,Não Informado,213-5,Empresário (Individual),0,5,2016-08-15,Baixa,-,BRASIL,São Paulo,BARUERI,PARQUE VIANA,EUCALIPTO,06449220,-,-,sim,sim,SP,(2) R$81k - R$360k,-,Micro,-,ATIVA,Não,Optante pelo Simples,360000,1091-1/02,-,-,+55 (11) 9927-8474,-,erica18_nascimento@hotmail.com,-,Fabricação de outros produtos alimentícios,10.9,Sudeste,(5) R$350k - R$600k,padaria,Não,RUA,11,-
